{
  "8fc3745aa83fa317ef120bf1f133f9c7": {
    "syntax_errors": [],
    "lexer_errors": [],
    "other_err": []
  },
  "a73d8376b084d8b62c3c20ebafa37973": {
    "syntax_errors": [],
    "lexer_errors": [],
    "other_err": []
  },
  "61d5d7add8610b18a2806e299f4e9b9e": {
    "syntax_errors": [],
    "lexer_errors": [],
    "other_err": []
  },
  "c077a81dc8f73ea707aefbcf20856af4": {
    "syntax_errors": [],
    "lexer_errors": [
      "Sat Sep 19 2020 19:02:40 GMT+0000",
      "Sat Sep 19 2020 19:00:56 GMT+0000",
      "Sat Sep 19 2020 18:59:59 GMT+0000",
      "Sat Sep 19 2020 18:59:03 GMT+0000",
      "Sat Sep 19 2020 18:58:24 GMT+0000",
      "Sat Sep 19 2020 18:57:24 GMT+0000",
      "Sat Sep 19 2020 18:54:48 GMT+0000"
    ],
    "other_err": []
  },
  "bd477a95c707ee5cd0cf12efcfa0529b": {
    "syntax_errors": [],
    "lexer_errors": [],
    "other_err": []
  },
  "220fe3594c21f49b4b938a03436d97ad": {
    "syntax_errors": [],
    "lexer_errors": [],
    "other_err": []
  },
  "a2eb88d37ac1790a9749b7799df911aa": {
    "syntax_errors": [],
    "lexer_errors": [],
    "other_err": []
  },
  "6216de078faa53b915b7c3eb59a7b998": {
    "syntax_errors": [],
    "lexer_errors": [],
    "other_err": []
  },
  "6b3f295ece9fa0f96019f2bb9e48f36a": {
    "syntax_errors": [],
    "lexer_errors": [],
    "other_err": []
  },
  "ae7d1e6aef691b20f960fed4b3c78f72": {
    "syntax_errors": [],
    "lexer_errors": [],
    "other_err": []
  },
  "e0d75bb896abfa45c43627f92532ab5f": {
    "syntax_errors": [],
    "lexer_errors": [],
    "other_err": []
  },
  "1ab708a6f017a78a5bdce6722e9c09fd": {
    "syntax_errors": [],
    "lexer_errors": [],
    "other_err": []
  },
  "7efa86aa3ec3928ab741e5f45861ac60": {
    "syntax_errors": [],
    "lexer_errors": [],
    "other_err": []
  },
  "bb82eeafa80bd4a30c4f4bb10296098d": {
    "syntax_errors": [],
    "lexer_errors": [],
    "other_err": []
  },
  "540d27ec01ef2ffcf9c7b9b4fa5104da": {
    "syntax_errors": [],
    "lexer_errors": [],
    "other_err": []
  },
  "353ebc334ebc49dc488247da6776f007": {
    "syntax_errors": [],
    "lexer_errors": [],
    "other_err": []
  },
  "aaeeedba617dd9868e18f6bf82cc838e": {
    "syntax_errors": [],
    "lexer_errors": [],
    "other_err": []
  },
  "3ef3283f8bf8c75ce823f0d294b08691": {
    "syntax_errors": [],
    "lexer_errors": [],
    "other_err": []
  },
  "01c66550e87b2a0498dbaf67a69a802c": {
    "syntax_errors": [],
    "lexer_errors": [],
    "other_err": []
  },
  "82c2dc28f573be05cb14e902239c987a": {
    "syntax_errors": [],
    "lexer_errors": [],
    "other_err": []
  },
  "ad751a1d17a48592f22bcc68492f335f": {
    "syntax_errors": [],
    "lexer_errors": [],
    "other_err": []
  },
  "2dc118fe809a96a285547b0ef396e0a2": {
    "syntax_errors": [],
    "lexer_errors": [],
    "other_err": []
  },
  "279762f7565d1285e0463e44de7347c1": {
    "syntax_errors": [],
    "lexer_errors": [],
    "other_err": []
  },
  "72f3b0ac2d59eb8cb1c28d2b4630554f": {
    "syntax_errors": [],
    "lexer_errors": [],
    "other_err": []
  },
  "1709b4a5fc3a0dcec1357dd186d7f368": {
    "syntax_errors": [],
    "lexer_errors": [],
    "other_err": []
  },
  "3647b6fd9957fc2af3a3ce46e01e4199": {
    "syntax_errors": [],
    "lexer_errors": [],
    "other_err": []
  },
  "479f1b89084309a09fe49beef1a839d3": {
    "syntax_errors": [],
    "lexer_errors": [],
    "other_err": []
  },
  "23f6de345d87086fa712ac5775487cca": {
    "syntax_errors": [
      "Mon Sep 21 2020 22:38:34 GMT+0000",
      "Mon Sep 21 2020 22:38:07 GMT+0000",
      "Mon Sep 21 2020 22:37:00 GMT+0000",
      "Mon Sep 21 2020 22:28:58 GMT+0000",
      "Mon Sep 21 2020 22:18:14 GMT+0000",
      "Mon Sep 21 2020 22:10:08 GMT+0000",
      "Mon Sep 21 2020 22:07:48 GMT+0000",
      "Sun Sep 20 2020 20:19:59 GMT+0000",
      "Sun Sep 20 2020 20:16:26 GMT+0000",
      "Sun Sep 20 2020 19:56:41 GMT+0000",
      "Sun Sep 20 2020 19:55:50 GMT+0000",
      "Sun Sep 20 2020 19:52:46 GMT+0000",
      "Sun Sep 20 2020 19:48:55 GMT+0000",
      "Sun Sep 20 2020 19:38:01 GMT+0000",
      "Sun Sep 20 2020 19:13:25 GMT+0000",
      "Sun Sep 20 2020 18:38:47 GMT+0000",
      "Sun Sep 20 2020 18:38:10 GMT+0000",
      "Sun Sep 20 2020 18:34:02 GMT+0000",
      "Sun Sep 20 2020 18:30:33 GMT+0000",
      "Sun Sep 20 2020 18:29:14 GMT+0000",
      "Sun Sep 20 2020 18:28:34 GMT+0000",
      "Sun Sep 20 2020 17:29:30 GMT+0000"
    ],
    "lexer_errors": [],
    "other_err": []
  },
  "4f77ac213cf0ae0db5b72807a24c91d2": {
    "syntax_errors": [],
    "lexer_errors": [],
    "other_err": []
  },
  "5fff95625d28af84424508b6c32c0e68": {
    "syntax_errors": [],
    "lexer_errors": [],
    "other_err": []
  },
  "c2635781fca5ceca9cac74c0eaa17e77": {
    "syntax_errors": [],
    "lexer_errors": [],
    "other_err": []
  },
  "dfac497c5c5abae03eb7237ea8c593ec": {
    "syntax_errors": [],
    "lexer_errors": [],
    "other_err": []
  },
  "288fa3c5f405447f75811bcd613ac385": {
    "syntax_errors": [],
    "lexer_errors": [],
    "other_err": []
  },
  "051f03c3bd17ec0ade15d0e4d15770c3": {
    "syntax_errors": [],
    "lexer_errors": [],
    "other_err": []
  },
  "3ce37dd3ecada97b01471d51302f9e69": {
    "syntax_errors": [],
    "lexer_errors": [],
    "other_err": []
  },
  "6801a190355a189645997a0b481965ef": {
    "syntax_errors": [],
    "lexer_errors": [],
    "other_err": []
  },
  "d5d9b27a5c1a70aecc77b0fa91b1a724": {
    "syntax_errors": [],
    "lexer_errors": [],
    "other_err": []
  },
  "618781e4466083635865f8da493bd26e": {
    "syntax_errors": [],
    "lexer_errors": [],
    "other_err": []
  },
  "e94ed6c369997299624028ad6be817ea": {
    "syntax_errors": [],
    "lexer_errors": [],
    "other_err": []
  },
  "4156f9719efa0fcd2b9ab679bff3b783": {
    "syntax_errors": [],
    "lexer_errors": [],
    "other_err": []
  },
  "9f81f2601e9c42377f97662efd179708": {
    "syntax_errors": [],
    "lexer_errors": [],
    "other_err": []
  },
  "89be5d0809c21a6ce69ba8f432b149b5": {
    "syntax_errors": [],
    "lexer_errors": [],
    "other_err": []
  },
  "9fb2a26c1b8b91ace60413a70e94df55": {
    "syntax_errors": [],
    "lexer_errors": [],
    "other_err": []
  },
  "1246a05ce6852a6152b7a584b6c1d965": {
    "syntax_errors": [],
    "lexer_errors": [],
    "other_err": []
  },
  "5fb6a863ec51e70db20047ddb3bf1398": {
    "syntax_errors": [],
    "lexer_errors": [],
    "other_err": []
  },
  "76c2da7e6f4944f798be85320fe47efe": {
    "syntax_errors": [],
    "lexer_errors": [],
    "other_err": []
  },
  "72efb41c3b713813c7bf2bf3679a7cb8": {
    "syntax_errors": [],
    "lexer_errors": [],
    "other_err": []
  },
  "099d65e14969b8d72fc08b5e16d6a37d": {
    "syntax_errors": [],
    "lexer_errors": [],
    "other_err": []
  },
  "0d34c304d6b11a4c1c55a7c466cea30d": {
    "syntax_errors": [],
    "lexer_errors": [],
    "other_err": []
  },
  "d23c404360acb759140e1a05e53579a8": {
    "syntax_errors": [],
    "lexer_errors": [],
    "other_err": []
  },
  "e6460429183ed570ffade8f926256e4e": {
    "syntax_errors": [],
    "lexer_errors": [],
    "other_err": []
  },
  "0b561330e6538dd7d8d3b1d2ae3508c2": {
    "syntax_errors": [],
    "lexer_errors": [],
    "other_err": []
  },
  "7a1fba31f9a90fda1995ba09f0e4472b": {
    "syntax_errors": [],
    "lexer_errors": [],
    "other_err": []
  },
  "e0c96be82786d4e4b2bf5120c97ab45a": {
    "syntax_errors": [],
    "lexer_errors": [],
    "other_err": []
  },
  "2779eda968d3d2377e7f5d07f0471c77": {
    "syntax_errors": [],
    "lexer_errors": [],
    "other_err": []
  },
  "7125c63544b50d3e21accd0964d1f4fa": {
    "syntax_errors": [],
    "lexer_errors": [],
    "other_err": []
  },
  "5547acedc6f91b0d9d200e30ee842399": {
    "syntax_errors": [],
    "lexer_errors": [],
    "other_err": []
  },
  "b7ffe816619a4bd43d2744c0cc714188": {
    "syntax_errors": [],
    "lexer_errors": [],
    "other_err": []
  },
  "d64b5e45ea7bd846bbdf925b681b2092": {
    "syntax_errors": [],
    "lexer_errors": [],
    "other_err": []
  },
  "e77f18127bd824ad8646d14c1f5b7b55": {
    "syntax_errors": [
      "Thu Sep 24 2020 03:42:21 GMT+0000",
      "Thu Sep 24 2020 03:36:36 GMT+0000",
      "Thu Sep 24 2020 03:25:09 GMT+0000",
      "Thu Sep 24 2020 03:19:49 GMT+0000",
      "Thu Sep 24 2020 03:09:09 GMT+0000",
      "Thu Sep 24 2020 02:54:47 GMT+0000"
    ],
    "lexer_errors": [],
    "other_err": []
  },
  "83bcbfc18093cc1dedaa07566007a1f5": {
    "syntax_errors": [
      "Thu Sep 24 2020 05:40:07 GMT+0000"
    ],
    "lexer_errors": [],
    "other_err": []
  },
  "83850662822aedd6aaf13cda5fcc3942": {
    "syntax_errors": [],
    "lexer_errors": [],
    "other_err": []
  },
  "edf026518982b2920e08c411518d28c4": {
    "syntax_errors": [],
    "lexer_errors": [],
    "other_err": []
  },
  "d39f171169f0da7b324fdca437e564ce": {
    "syntax_errors": [],
    "lexer_errors": [],
    "other_err": []
  },
  "ec471331256bca240e110b428aa16033": {
    "syntax_errors": [],
    "lexer_errors": [],
    "other_err": []
  },
  "c83cd8aec144497226a05bf4c251bbfc": {
    "syntax_errors": [],
    "lexer_errors": [],
    "other_err": []
  },
  "598dbf536f921f0731168a43318ff513": {
    "syntax_errors": [],
    "lexer_errors": [],
    "other_err": []
  },
  "f23717a578e466198cfe841638c84f84": {
    "syntax_errors": [],
    "lexer_errors": [],
    "other_err": []
  },
  "1a3252ea5002e6689c17cdb96bd099f9": {
    "syntax_errors": [],
    "lexer_errors": [],
    "other_err": [
      "Warning: Unable to read directory\nanalysis/zips/gradeHW3_question_based/q2/student_submissions/6dfbb8ddd41681301c0c0c9c4b40a66c.\nIgnoring.\nRemove this message by ignoring by adding:\n(dirs \\ 6dfbb8ddd41681301c0c0c9c4b40a66c)\nto the dune file:\nanalysis/zips/gradeHW3_question_based/q2/student_submissions/dune\nReason: opendir(analysis/zips/gradeHW3_question_based/q2/student_submissions/6dfbb8ddd41681301c0c0c9c4b40a66c): No such file or directory\nWarning: Unable to read directory\nanalysis/zips/gradeHW3_question_based/q2/student_submissions/7125c63544b50d3e21accd0964d1f4fa.\nIgnoring.\nRemove this message by ignoring by adding:\n(dirs \\ 7125c63544b50d3e21accd0964d1f4fa)\nto the dune file:\nanalysis/zips/gradeHW3_question_based/q2/student_submissions/dune\nReason: opendir(analysis/zips/gradeHW3_question_based/q2/student_submissions/7125c63544b50d3e21accd0964d1f4fa): No such file or directory\nWarning: Unable to read directory\nanalysis/zips/gradeHW3_question_based/q2/student_submissions/72efb41c3b713813c7bf2bf3679a7cb8.\nIgnoring.\nRemove this message by ignoring by adding:\n(dirs \\ 72efb41c3b713813c7bf2bf3679a7cb8)\nto the dune file:\nanalysis/zips/gradeHW3_question_based/q2/student_submissions/dune\nReason: opendir(analysis/zips/gradeHW3_question_based/q2/student_submissions/72efb41c3b713813c7bf2bf3679a7cb8): No such file or directory\nWarning: Unable to read directory\nanalysis/zips/gradeHW3_question_based/q2/student_submissions/72f3b0ac2d59eb8cb1c28d2b4630554f.\nIgnoring.\nRemove this message by ignoring by adding:\n(dirs \\ 72f3b0ac2d59eb8cb1c28d2b4630554f)\nto the dune file:\nanalysis/zips/gradeHW3_question_based/q2/student_submissions/dune\nReason: opendir(analysis/zips/gradeHW3_question_based/q2/student_submissions/72f3b0ac2d59eb8cb1c28d2b4630554f): No such file or directory\nWarning: Unable to read directory\nanalysis/zips/gradeHW3_question_based/q2/student_submissions/76c2da7e6f4944f798be85320fe47efe.\nIgnoring.\nRemove this message by ignoring by adding:\n(dirs \\ 76c2da7e6f4944f798be85320fe47efe)\nto the dune file:\nanalysis/zips/gradeHW3_question_based/q2/student_submissions/dune\nReason: opendir(analysis/zips/gradeHW3_question_based/q2/student_submissions/76c2da7e6f4944f798be85320fe47efe): No such file or directory\nWarning: Unable to read directory\nanalysis/zips/gradeHW3_question_based/q2/student_submissions/76dcfda84c0890ca135f54d51a2d27e0.\nIgnoring.\nRemove this message by ignoring by adding:\n(dirs \\ 76dcfda84c0890ca135f54d51a2d27e0)\nto the dune file:\nanalysis/zips/gradeHW3_question_based/q2/student_submissions/dune\nReason: opendir(analysis/zips/gradeHW3_question_based/q2/student_submissions/76dcfda84c0890ca135f54d51a2d27e0): No such file or directory\nWarning: Unable to read directory\nanalysis/zips/gradeHW3_question_based/q2/student_submissions/7a1fba31f9a90fda1995ba09f0e4472b.\nIgnoring.\nRemove this message by ignoring by adding:\n(dirs \\ 7a1fba31f9a90fda1995ba09f0e4472b)\nto the dune file:\nanalysis/zips/gradeHW3_question_based/q2/student_submissions/dune\nReason: opendir(analysis/zips/gradeHW3_question_based/q2/student_submissions/7a1fba31f9a90fda1995ba09f0e4472b): No such file or directory\nWarning: Unable to read directory\nanalysis/zips/gradeHW3_question_based/q2/student_submissions/7efa86aa3ec3928ab741e5f45861ac60.\nIgnoring.\nRemove this message by ignoring by adding:\n(dirs \\ 7efa86aa3ec3928ab741e5f45861ac60)\nto the dune file:\nanalysis/zips/gradeHW3_question_based/q2/student_submissions/dune\nReason: opendir(analysis/zips/gradeHW3_question_based/q2/student_submissions/7efa86aa3ec3928ab741e5f45861ac60): No such file or directory\nWarning: Unable to read directory\nanalysis/zips/gradeHW3_question_based/q2/student_submissions/7fb3ba7b06312c6714f82ab7843d7c20.\nIgnoring.\nRemove this message by ignoring by adding:\n(dirs \\ 7fb3ba7b06312c6714f82ab7843d7c20)\nto the dune file:\nanalysis/zips/gradeHW3_question_based/q2/student_submissions/dune\nReason: opendir(analysis/zips/gradeHW3_question_based/q2/student_submissions/7fb3ba7b06312c6714f82ab7843d7c20): No such file or directory\nWarning: Unable to read directory\nanalysis/zips/gradeHW3_question_based/q2/student_submissions/7fe8845efec4fea2c90bdad54bda27d1.\nIgnoring.\nRemove this message by ignoring by adding:\n(dirs \\ 7fe8845efec4fea2c90bdad54bda27d1)\nto the dune file:\nanalysis/zips/gradeHW3_question_based/q2/student_submissions/dune\nReason: opendir(analysis/zips/gradeHW3_question_based/q2/student_submissions/7fe8845efec4fea2c90bdad54bda27d1): No such file or directory\nWarning: Unable to read directory\nanalysis/zips/gradeHW3_question_based/q2/student_submissions/82c2dc28f573be05cb14e902239c987a.\nIgnoring.\nRemove this message by ignoring by adding:\n(dirs \\ 82c2dc28f573be05cb14e902239c987a)\nto the dune file:\nanalysis/zips/gradeHW3_question_based/q2/student_submissions/dune\nReason: opendir(analysis/zips/gradeHW3_question_based/q2/student_submissions/82c2dc28f573be05cb14e902239c987a): No such file or directory\nWarning: Unable to read directory\nanalysis/zips/gradeHW3_question_based/q2/student_submissions/83850662822aedd6aaf13cda5fcc3942.\nIgnoring.\nRemove this message by ignoring by adding:\n(dirs \\ 83850662822aedd6aaf13cda5fcc3942)\nto the dune file:\nanalysis/zips/gradeHW3_question_based/q2/student_submissions/dune\nReason: opendir(analysis/zips/gradeHW3_question_based/q2/student_submissions/83850662822aedd6aaf13cda5fcc3942): No such file or directory\nWarning: Unable to read directory\nanalysis/zips/gradeHW3_question_based/q2/student_submissions/83bcbfc18093cc1dedaa07566007a1f5.\nIgnoring.\nRemove this message by ignoring by adding:\n(dirs \\ 83bcbfc18093cc1dedaa07566007a1f5)\nto the dune file:\nanalysis/zips/gradeHW3_question_based/q2/student_submissions/dune\nReason: opendir(analysis/zips/gradeHW3_question_based/q2/student_submissions/83bcbfc18093cc1dedaa07566007a1f5): No such file or directory\nWarning: Unable to read directory\nanalysis/zips/gradeHW3_question_based/q2/student_submissions/871f749d3430e6336599099df5eba5c7.\nIgnoring.\nRemove this message by ignoring by adding:\n(dirs \\ 871f749d3430e6336599099df5eba5c7)\nto the dune file:\nanalysis/zips/gradeHW3_question_based/q2/student_submissions/dune\nReason: opendir(analysis/zips/gradeHW3_question_based/q2/student_submissions/871f749d3430e6336599099df5eba5c7): No such file or directory\nWarning: Unable to read directory\nanalysis/zips/gradeHW3_question_based/q2/student_submissions/89be5d0809c21a6ce69ba8f432b149b5.\nIgnoring.\nRemove this message by ignoring by adding:\n(dirs \\ 89be5d0809c21a6ce69ba8f432b149b5)\nto the dune file:\nanalysis/zips/gradeHW3_question_based/q2/student_submissions/dune\nReason: opendir(analysis/zips/gradeHW3_question_based/q2/student_submissions/89be5d0809c21a6ce69ba8f432b149b5): No such file or directory\nWarning: Unable to read directory\nanalysis/zips/gradeHW3_question_based/q2/student_submissions/8c6e0dcaf51e4e39bf632c8c17119f38.\nIgnoring.\nRemove this message by ignoring by adding:\n(dirs \\ 8c6e0dcaf51e4e39bf632c8c17119f38)\nto the dune file:\nanalysis/zips/gradeHW3_question_based/q2/student_submissions/dune\nReason: opendir(analysis/zips/gradeHW3_question_based/q2/student_submissions/8c6e0dcaf51e4e39bf632c8c17119f38): No such file or directory\nWarning: Unable to read directory\nanalysis/zips/gradeHW3_question_based/q2/student_submissions/8db3a275379af29e702e6b2e31293791.\nIgnoring.\nRemove this message by ignoring by adding:\n(dirs \\ 8db3a275379af29e702e6b2e31293791)\nto the dune file:\nanalysis/zips/gradeHW3_question_based/q2/student_submissions/dune\nReason: opendir(analysis/zips/gradeHW3_question_based/q2/student_submissions/8db3a275379af29e702e6b2e31293791): No such file or directory\nWarning: Unable to read directory\nanalysis/zips/gradeHW3_question_based/q2/student_submissions/8fc3745aa83fa317ef120bf1f133f9c7.\nIgnoring.\nRemove this message by ignoring by adding:\n(dirs \\ 8fc3745aa83fa317ef120bf1f133f9c7)\nto the dune file:\nanalysis/zips/gradeHW3_question_based/q2/student_submissions/dune\nReason: opendir(analysis/zips/gradeHW3_question_based/q2/student_submissions/8fc3745aa83fa317ef120bf1f133f9c7): No such file or directory\nWarning: Unable to read directory\nanalysis/zips/gradeHW3_question_based/q2/student_submissions/963bc388671d744a671d20f6f4565cc6.\nIgnoring.\nRemove this message by ignoring by adding:\n(dirs \\ 963bc388671d744a671d20f6f4565cc6)\nto the dune file:\nanalysis/zips/gradeHW3_question_based/q2/student_submissions/dune\nReason: opendir(analysis/zips/gradeHW3_question_based/q2/student_submissions/963bc388671d744a671d20f6f4565cc6): No such file or directory\nWarning: Unable to read directory\nanalysis/zips/gradeHW3_question_based/q2/student_submissions/9752899a0b63709905d8eb59932740f6.\nIgnoring.\nRemove this message by ignoring by adding:\n(dirs \\ 9752899a0b63709905d8eb59932740f6)\nto the dune file:\nanalysis/zips/gradeHW3_question_based/q2/student_submissions/dune\nReason: opendir(analysis/zips/gradeHW3_question_based/q2/student_submissions/9752899a0b63709905d8eb59932740f6): No such file or directory\nWarning: Unable to read directory\nanalysis/zips/gradeHW3_question_based/q2/student_submissions/9c4023d66a98e831354b9b6942e473e7.\nIgnoring.\nRemove this message by ignoring by adding:\n(dirs \\ 9c4023d66a98e831354b9b6942e473e7)\nto the dune file:\nanalysis/zips/gradeHW3_question_based/q2/student_submissions/dune\nReason: opendir(analysis/zips/gradeHW3_question_based/q2/student_submissions/9c4023d66a98e831354b9b6942e473e7): No such file or directory\nWarning: Unable to read directory\nanalysis/zips/gradeHW3_question_based/q2/student_submissions/9f81f2601e9c42377f97662efd179708.\nIgnoring.\nRemove this message by ignoring by adding:\n(dirs \\ 9f81f2601e9c42377f97662efd179708)\nto the dune file:\nanalysis/zips/gradeHW3_question_based/q2/student_submissions/dune\nReason: opendir(analysis/zips/gradeHW3_question_based/q2/student_submissions/9f81f2601e9c42377f97662efd179708): No such file or directory\nWarning: Unable to read directory\nanalysis/zips/gradeHW3_question_based/q2/student_submissions/9fb2a26c1b8b91ace60413a70e94df55.\nIgnoring.\nRemove this message by ignoring by adding:\n(dirs \\ 9fb2a26c1b8b91ace60413a70e94df55)\nto the dune file:\nanalysis/zips/gradeHW3_question_based/q2/student_submissions/dune\nReason: opendir(analysis/zips/gradeHW3_question_based/q2/student_submissions/9fb2a26c1b8b91ace60413a70e94df55): No such file or directory\nWarning: Unable to read directory\nanalysis/zips/gradeHW3_question_based/q2/student_submissions/a2eb88d37ac1790a9749b7799df911aa.\nIgnoring.\nRemove this message by ignoring by adding:\n(dirs \\ a2eb88d37ac1790a9749b7799df911aa)\nto the dune file:\nanalysis/zips/gradeHW3_question_based/q2/student_submissions/dune\nReason: opendir(analysis/zips/gradeHW3_question_based/q2/student_submissions/a2eb88d37ac1790a9749b7799df911aa): No such file or directory\nWarning: Unable to read directory\nanalysis/zips/gradeHW3_question_based/q2/student_submissions/a622c0c79120c9ead276675f41f4c218.\nIgnoring.\nRemove this message by ignoring by adding:\n(dirs \\ a622c0c79120c9ead276675f41f4c218)\nto the dune file:\nanalysis/zips/gradeHW3_question_based/q2/student_submissions/dune\nReason: opendir(analysis/zips/gradeHW3_question_based/q2/student_submissions/a622c0c79120c9ead276675f41f4c218): No such file or directory\nWarning: Unable to read directory\nanalysis/zips/gradeHW3_question_based/q2/student_submissions/a73d8376b084d8b62c3c20ebafa37973.\nIgnoring.\nRemove this message by ignoring by adding:\n(dirs \\ a73d8376b084d8b62c3c20ebafa37973)\nto the dune file:\nanalysis/zips/gradeHW3_question_based/q2/student_submissions/dune\nReason: opendir(analysis/zips/gradeHW3_question_based/q2/student_submissions/a73d8376b084d8b62c3c20ebafa37973): No such file or directory\nWarning: Unable to read directory\nanalysis/zips/gradeHW3_question_based/q2/student_submissions/aaa8b77cb659f220c1c5a9373f56ddbf.\nIgnoring.\nRemove this message by ignoring by adding:\n(dirs \\ aaa8b77cb659f220c1c5a9373f56ddbf)\nto the dune file:\nanalysis/zips/gradeHW3_question_based/q2/student_submissions/dune\nReason: opendir(analysis/zips/gradeHW3_question_based/q2/student_submissions/aaa8b77cb659f220c1c5a9373f56ddbf): No such file or directory\nWarning: Unable to read directory\nanalysis/zips/gradeHW3_question_based/q2/student_submissions/aaeeedba617dd9868e18f6bf82cc838e.\nIgnoring.\nRemove this message by ignoring by adding:\n(dirs \\ aaeeedba617dd9868e18f6bf82cc838e)\nto the dune file:\nanalysis/zips/gradeHW3_question_based/q2/student_submissions/dune\nReason: opendir(analysis/zips/gradeHW3_question_based/q2/student_submissions/aaeeedba617dd9868e18f6bf82cc838e): No such file or directory\nWarning: Unable to read directory\nanalysis/zips/gradeHW3_question_based/q2/student_submissions/ad751a1d17a48592f22bcc68492f335f.\nIgnoring.\nRemove this message by ignoring by adding:\n(dirs \\ ad751a1d17a48592f22bcc68492f335f)\nto the dune file:\nanalysis/zips/gradeHW3_question_based/q2/student_submissions/dune\nReason: opendir(analysis/zips/gradeHW3_question_based/q2/student_submissions/ad751a1d17a48592f22bcc68492f335f): No such file or directory\nWarning: Unable to read directory\nanalysis/zips/gradeHW3_question_based/q2/student_submissions/ae7d1e6aef691b20f960fed4b3c78f72.\nIgnoring.\nRemove this message by ignoring by adding:\n(dirs \\ ae7d1e6aef691b20f960fed4b3c78f72)\nto the dune file:\nanalysis/zips/gradeHW3_question_based/q2/student_submissions/dune\nReason: opendir(analysis/zips/gradeHW3_question_based/q2/student_submissions/ae7d1e6aef691b20f960fed4b3c78f72): No such file or directory\nWarning: Unable to read directory\nanalysis/zips/gradeHW3_question_based/q2/student_submissions/b7ffe816619a4bd43d2744c0cc714188.\nIgnoring.\nRemove this message by ignoring by adding:\n(dirs \\ b7ffe816619a4bd43d2744c0cc714188)\nto the dune file:\nanalysis/zips/gradeHW3_question_based/q2/student_submissions/dune\nReason: opendir(analysis/zips/gradeHW3_question_based/q2/student_submissions/b7ffe816619a4bd43d2744c0cc714188): No such file or directory\nWarning: Unable to read directory\nanalysis/zips/gradeHW3_question_based/q2/student_submissions/bb82eeafa80bd4a30c4f4bb10296098d.\nIgnoring.\nRemove this message by ignoring by adding:\n(dirs \\ bb82eeafa80bd4a30c4f4bb10296098d)\nto the dune file:\nanalysis/zips/gradeHW3_question_based/q2/student_submissions/dune\nReason: opendir(analysis/zips/gradeHW3_question_based/q2/student_submissions/bb82eeafa80bd4a30c4f4bb10296098d): No such file or directory\nWarning: Unable to read directory\nanalysis/zips/gradeHW3_question_based/q2/student_submissions/bd477a95c707ee5cd0cf12efcfa0529b.\nIgnoring.\nRemove this message by ignoring by adding:\n(dirs \\ bd477a95c707ee5cd0cf12efcfa0529b)\nto the dune file:\nanalysis/zips/gradeHW3_question_based/q2/student_submissions/dune\nReason: opendir(analysis/zips/gradeHW3_question_based/q2/student_submissions/bd477a95c707ee5cd0cf12efcfa0529b): No such file or directory\nWarning: Unable to read directory\nanalysis/zips/gradeHW3_question_based/q2/student_submissions/bd7b36bfe8d66f18eea48cca06a2e4e2.\nIgnoring.\nRemove this message by ignoring by adding:\n(dirs \\ bd7b36bfe8d66f18eea48cca06a2e4e2)\nto the dune file:\nanalysis/zips/gradeHW3_question_based/q2/student_submissions/dune\nReason: opendir(analysis/zips/gradeHW3_question_based/q2/student_submissions/bd7b36bfe8d66f18eea48cca06a2e4e2): No such file or directory\nWarning: Unable to read directory\nanalysis/zips/gradeHW3_question_based/q2/student_submissions/c077a81dc8f73ea707aefbcf20856af4.\nIgnoring.\nRemove this message by ignoring by adding:\n(dirs \\ c077a81dc8f73ea707aefbcf20856af4)\nto the dune file:\nanalysis/zips/gradeHW3_question_based/q2/student_submissions/dune\nReason: opendir(analysis/zips/gradeHW3_question_based/q2/student_submissions/c077a81dc8f73ea707aefbcf20856af4): No such file or directory\nWarning: Unable to read directory\nanalysis/zips/gradeHW3_question_based/q2/student_submissions/c2635781fca5ceca9cac74c0eaa17e77.\nIgnoring.\nRemove this message by ignoring by adding:\n(dirs \\ c2635781fca5ceca9cac74c0eaa17e77)\nto the dune file:\nanalysis/zips/gradeHW3_question_based/q2/student_submissions/dune\nReason: opendir(analysis/zips/gradeHW3_question_based/q2/student_submissions/c2635781fca5ceca9cac74c0eaa17e77): No such file or directory\nWarning: Unable to read directory\nanalysis/zips/gradeHW3_question_based/q2/student_submissions/c83cd8aec144497226a05bf4c251bbfc.\nIgnoring.\nRemove this message by ignoring by adding:\n(dirs \\ c83cd8aec144497226a05bf4c251bbfc)\nto the dune file:\nanalysis/zips/gradeHW3_question_based/q2/student_submissions/dune\nReason: opendir(analysis/zips/gradeHW3_question_based/q2/student_submissions/c83cd8aec144497226a05bf4c251bbfc): No such file or directory\nWarning: Unable to read directory\nanalysis/zips/gradeHW3_question_based/q2/student_submissions/ca7f9f308b17524c30488e4ad3da5df7.\nIgnoring.\nRemove this message by ignoring by adding:\n(dirs \\ ca7f9f308b17524c30488e4ad3da5df7)\nto the dune file:\nanalysis/zips/gradeHW3_question_based/q2/student_submissions/dune\nReason: opendir(analysis/zips/gradeHW3_question_based/q2/student_submissions/ca7f9f308b17524c30488e4ad3da5df7): No such file or directory\nWarning: Unable to read directory\nanalysis/zips/gradeHW3_question_based/q2/student_submissions/cd3d68f960f2b7675371a3987f894a2f.\nIgnoring.\nRemove this message by ignoring by adding:\n(dirs \\ cd3d68f960f2b7675371a3987f894a2f)\nto the dune file:\nanalysis/zips/gradeHW3_question_based/q2/student_submissions/dune\nReason: opendir(analysis/zips/gradeHW3_question_based/q2/student_submissions/cd3d68f960f2b7675371a3987f894a2f): No such file or directory\nWarning: Unable to read directory\nanalysis/zips/gradeHW3_question_based/q2/student_submissions/d23c404360acb759140e1a05e53579a8.\nIgnoring.\nRemove this message by ignoring by adding:\n(dirs \\ d23c404360acb759140e1a05e53579a8)\nto the dune file:\nanalysis/zips/gradeHW3_question_based/q2/student_submissions/dune\nReason: opendir(analysis/zips/gradeHW3_question_based/q2/student_submissions/d23c404360acb759140e1a05e53579a8): No such file or directory\nWarning: Unable to read directory\nanalysis/zips/gradeHW3_question_based/q2/student_submissions/d39f171169f0da7b324fdca437e564ce.\nIgnoring.\nRemove this message by ignoring by adding:\n(dirs \\ d39f171169f0da7b324fdca437e564ce)\nto the dune file:\nanalysis/zips/gradeHW3_question_based/q2/student_submissions/dune\nReason: opendir(analysis/zips/gradeHW3_question_based/q2/student_submissions/d39f171169f0da7b324fdca437e564ce): No such file or directory\nWarning: Unable to read directory\nanalysis/zips/gradeHW3_question_based/q2/student_submissions/d54baff9c3e9e5467505601b4b370289.\nIgnoring.\nRemove this message by ignoring by adding:\n(dirs \\ d54baff9c3e9e5467505601b4b370289)\nto the dune file:\nanalysis/zips/gradeHW3_question_based/q2/student_submissions/dune\nReason: opendir(analysis/zips/gradeHW3_question_based/q2/student_submissions/d54baff9c3e9e5467505601b4b370289): No such file or directory\nWarning: Unable to read directory\nanalysis/zips/gradeHW3_question_based/q2/student_submissions/d5d9b27a5c1a70aecc77b0fa91b1a724.\nIgnoring.\nRemove this message by ignoring by adding:\n(dirs \\ d5d9b27a5c1a70aecc77b0fa91b1a724)\nto the dune file:\nanalysis/zips/gradeHW3_question_based/q2/student_submissions/dune\nReason: opendir(analysis/zips/gradeHW3_question_based/q2/student_submissions/d5d9b27a5c1a70aecc77b0fa91b1a724): No such file or directory\nWarning: Unable to read directory\nanalysis/zips/gradeHW3_question_based/q2/student_submissions/d64b5e45ea7bd846bbdf925b681b2092.\nIgnoring.\nRemove this message by ignoring by adding:\n(dirs \\ d64b5e45ea7bd846bbdf925b681b2092)\nto the dune file:\nanalysis/zips/gradeHW3_question_based/q2/student_submissions/dune\nReason: opendir(analysis/zips/gradeHW3_question_based/q2/student_submissions/d64b5e45ea7bd846bbdf925b681b2092): No such file or directory\nWarning: Unable to read directory\nanalysis/zips/gradeHW3_question_based/q2/student_submissions/dad0ff1ef129748fdedf263b684855c5.\nIgnoring.\nRemove this message by ignoring by adding:\n(dirs \\ dad0ff1ef129748fdedf263b684855c5)\nto the dune file:\nanalysis/zips/gradeHW3_question_based/q2/student_submissions/dune\nReason: opendir(analysis/zips/gradeHW3_question_based/q2/student_submissions/dad0ff1ef129748fdedf263b684855c5): No such file or directory\nWarning: Unable to read directory\nanalysis/zips/gradeHW3_question_based/q2/student_submissions/dc98919f4efd48a587ac77a1a9a86fa0.\nIgnoring.\nRemove this message by ignoring by adding:\n(dirs \\ dc98919f4efd48a587ac77a1a9a86fa0)\nto the dune file:\nanalysis/zips/gradeHW3_question_based/q2/student_submissions/dune\nReason: opendir(analysis/zips/gradeHW3_question_based/q2/student_submissions/dc98919f4efd48a587ac77a1a9a86fa0): No such file or directory\nWarning: Unable to read directory\nanalysis/zips/gradeHW3_question_based/q2/student_submissions/dfac497c5c5abae03eb7237ea8c593ec.\nIgnoring.\nRemove this message by ignoring by adding:\n(dirs \\ dfac497c5c5abae03eb7237ea8c593ec)\nto the dune file:\nanalysis/zips/gradeHW3_question_based/q2/student_submissions/dune\nReason: opendir(analysis/zips/gradeHW3_question_based/q2/student_submissions/dfac497c5c5abae03eb7237ea8c593ec): No such file or directory\nWarning: Unable to read directory\nanalysis/zips/gradeHW3_question_based/q2/student_submissions/e002860afcf5e71bde0effdeaa232e67.\nIgnoring.\nRemove this message by ignoring by adding:\n(dirs \\ e002860afcf5e71bde0effdeaa232e67)\nto the dune file:\nanalysis/zips/gradeHW3_question_based/q2/student_submissions/dune\nReason: opendir(analysis/zips/gradeHW3_question_based/q2/student_submissions/e002860afcf5e71bde0effdeaa232e67): No such file or directory\nWarning: Unable to read directory\nanalysis/zips/gradeHW3_question_based/q2/student_submissions/e0c96be82786d4e4b2bf5120c97ab45a.\nIgnoring.\nRemove this message by ignoring by adding:\n(dirs \\ e0c96be82786d4e4b2bf5120c97ab45a)\nto the dune file:\nanalysis/zips/gradeHW3_question_based/q2/student_submissions/dune\nReason: opendir(analysis/zips/gradeHW3_question_based/q2/student_submissions/e0c96be82786d4e4b2bf5120c97ab45a): No such file or directory\nWarning: Unable to read directory\nanalysis/zips/gradeHW3_question_based/q2/student_submissions/e0d75bb896abfa45c43627f92532ab5f.\nIgnoring.\nRemove this message by ignoring by adding:\n(dirs \\ e0d75bb896abfa45c43627f92532ab5f)\nto the dune file:\nanalysis/zips/gradeHW3_question_based/q2/student_submissions/dune\nReason: opendir(analysis/zips/gradeHW3_question_based/q2/student_submissions/e0d75bb896abfa45c43627f92532ab5f): No such file or directory\nWarning: Unable to read directory\nanalysis/zips/gradeHW3_question_based/q2/student_submissions/e44b4c849550a0da76b17f1cb758e6df.\nIgnoring.\nRemove this message by ignoring by adding:\n(dirs \\ e44b4c849550a0da76b17f1cb758e6df)\nto the dune file:\nanalysis/zips/gradeHW3_question_based/q2/student_submissions/dune\nReason: opendir(analysis/zips/gradeHW3_question_based/q2/student_submissions/e44b4c849550a0da76b17f1cb758e6df): No such file or directory\nWarning: Unable to read directory\nanalysis/zips/gradeHW3_question_based/q2/student_submissions/e6460429183ed570ffade8f926256e4e.\nIgnoring.\nRemove this message by ignoring by adding:\n(dirs \\ e6460429183ed570ffade8f926256e4e)\nto the dune file:\nanalysis/zips/gradeHW3_question_based/q2/student_submissions/dune\nReason: opendir(analysis/zips/gradeHW3_question_based/q2/student_submissions/e6460429183ed570ffade8f926256e4e): No such file or directory\nWarning: Unable to read directory\nanalysis/zips/gradeHW3_question_based/q2/student_submissions/e68675a048e4e850ceee38b97264d72f.\nIgnoring.\nRemove this message by ignoring by adding:\n(dirs \\ e68675a048e4e850ceee38b97264d72f)\nto the dune file:\nanalysis/zips/gradeHW3_question_based/q2/student_submissions/dune\nReason: opendir(analysis/zips/gradeHW3_question_based/q2/student_submissions/e68675a048e4e850ceee38b97264d72f): No such file or directory\nWarning: Unable to read directory\nanalysis/zips/gradeHW3_question_based/q2/student_submissions/e72eedb09fbb4228caf3fa576b74bc0b.\nIgnoring.\nRemove this message by ignoring by adding:\n(dirs \\ e72eedb09fbb4228caf3fa576b74bc0b)\nto the dune file:\nanalysis/zips/gradeHW3_question_based/q2/student_submissions/dune\nReason: opendir(analysis/zips/gradeHW3_question_based/q2/student_submissions/e72eedb09fbb4228caf3fa576b74bc0b): No such file or directory\nWarning: Unable to read directory\nanalysis/zips/gradeHW3_question_based/q2/student_submissions/e77f18127bd824ad8646d14c1f5b7b55.\nIgnoring.\nRemove this message by ignoring by adding:\n(dirs \\ e77f18127bd824ad8646d14c1f5b7b55)\nto the dune file:\nanalysis/zips/gradeHW3_question_based/q2/student_submissions/dune\nReason: opendir(analysis/zips/gradeHW3_question_based/q2/student_submissions/e77f18127bd824ad8646d14c1f5b7b55): No such file or directory\nWarning: Unable to read directory\nanalysis/zips/gradeHW3_question_based/q2/student_submissions/e94ed6c369997299624028ad6be817ea.\nIgnoring.\nRemove this message by ignoring by adding:\n(dirs \\ e94ed6c369997299624028ad6be817ea)\nto the dune file:\nanalysis/zips/gradeHW3_question_based/q2/student_submissions/dune\nReason: opendir(analysis/zips/gradeHW3_question_based/q2/student_submissions/e94ed6c369997299624028ad6be817ea): No such file or directory\nWarning: Unable to read directory\nanalysis/zips/gradeHW3_question_based/q2/student_submissions/eb6cd64e9137c4406b016b7d3f330e5a.\nIgnoring.\nRemove this message by ignoring by adding:\n(dirs \\ eb6cd64e9137c4406b016b7d3f330e5a)\nto the dune file:\nanalysis/zips/gradeHW3_question_based/q2/student_submissions/dune\nReason: opendir(analysis/zips/gradeHW3_question_based/q2/student_submissions/eb6cd64e9137c4406b016b7d3f330e5a): No such file or directory\nWarning: Unable to read directory\nanalysis/zips/gradeHW3_question_based/q2/student_submissions/ec471331256bca240e110b428aa16033.\nIgnoring.\nRemove this message by ignoring by adding:\n(dirs \\ ec471331256bca240e110b428aa16033)\nto the dune file:\nanalysis/zips/gradeHW3_question_based/q2/student_submissions/dune\nReason: opendir(analysis/zips/gradeHW3_question_based/q2/student_submissions/ec471331256bca240e110b428aa16033): No such file or directory\nWarning: Unable to read directory\nanalysis/zips/gradeHW3_question_based/q2/student_submissions/edf026518982b2920e08c411518d28c4.\nIgnoring.\nRemove this message by ignoring by adding:\n(dirs \\ edf026518982b2920e08c411518d28c4)\nto the dune file:\nanalysis/zips/gradeHW3_question_based/q2/student_submissions/dune\nReason: opendir(analysis/zips/gradeHW3_question_based/q2/student_submissions/edf026518982b2920e08c411518d28c4): No such file or directory\nWarning: Unable to read directory\nanalysis/zips/gradeHW3_question_based/q2/student_submissions/f23717a578e466198cfe841638c84f84.\nIgnoring.\nRemove this message by ignoring by adding:\n(dirs \\ f23717a578e466198cfe841638c84f84)\nto the dune file:\nanalysis/zips/gradeHW3_question_based/q2/student_submissions/dune\nReason: opendir(analysis/zips/gradeHW3_question_based/q2/student_submissions/f23717a578e466198cfe841638c84f84): No such file or directory\nWarning: Unable to read directory\nanalysis/zips/gradeHW3_question_based/q2/student_submissions/f9e6bd86e370f22336829cf69d35963a.\nIgnoring.\nRemove this message by ignoring by adding:\n(dirs \\ f9e6bd86e370f22336829cf69d35963a)\nto the dune file:\nanalysis/zips/gradeHW3_question_based/q2/student_submissions/dune\nReason: opendir(analysis/zips/gradeHW3_question_based/q2/student_submissions/f9e6bd86e370f22336829cf69d35963a): No such file or directory\n"
    ]
  },
  "0c432501735b4d7b705ec43918be9e16": {
    "syntax_errors": [],
    "lexer_errors": [],
    "other_err": []
  },
  "5101a7e8f9f62819280dbf4b0123ab04": {
    "syntax_errors": [],
    "lexer_errors": [],
    "other_err": []
  },
  "871f749d3430e6336599099df5eba5c7": {
    "syntax_errors": [],
    "lexer_errors": [],
    "other_err": []
  },
  "eb6cd64e9137c4406b016b7d3f330e5a": {
    "syntax_errors": [],
    "lexer_errors": [],
    "other_err": []
  },
  "188b3d7450a9fa023103bbf571702c5e": {
    "syntax_errors": [],
    "lexer_errors": [],
    "other_err": []
  },
  "dc98919f4efd48a587ac77a1a9a86fa0": {
    "syntax_errors": [],
    "lexer_errors": [],
    "other_err": []
  },
  "41ae1961ad83962e7022b1b5114cc9df": {
    "syntax_errors": [],
    "lexer_errors": [],
    "other_err": []
  },
  "6dfbb8ddd41681301c0c0c9c4b40a66c": {
    "syntax_errors": [],
    "lexer_errors": [],
    "other_err": []
  },
  "8db3a275379af29e702e6b2e31293791": {
    "syntax_errors": [],
    "lexer_errors": [],
    "other_err": []
  },
  "9752899a0b63709905d8eb59932740f6": {
    "syntax_errors": [],
    "lexer_errors": [],
    "other_err": []
  },
  "2fdc24731ff44c673ea9139769df29c4": {
    "syntax_errors": [],
    "lexer_errors": [],
    "other_err": []
  },
  "157b29a169fd8739788f4b207a71e78e": {
    "syntax_errors": [],
    "lexer_errors": [],
    "other_err": []
  },
  "bd7b36bfe8d66f18eea48cca06a2e4e2": {
    "syntax_errors": [],
    "lexer_errors": [],
    "other_err": []
  },
  "a622c0c79120c9ead276675f41f4c218": {
    "syntax_errors": [],
    "lexer_errors": [],
    "other_err": []
  },
  "038cbbcf1658dc4d0b5aec43a8e13613": {
    "syntax_errors": [],
    "lexer_errors": [],
    "other_err": []
  },
  "76dcfda84c0890ca135f54d51a2d27e0": {
    "syntax_errors": [],
    "lexer_errors": [],
    "other_err": []
  },
  "aaa8b77cb659f220c1c5a9373f56ddbf": {
    "syntax_errors": [],
    "lexer_errors": [],
    "other_err": []
  },
  "e72eedb09fbb4228caf3fa576b74bc0b": {
    "syntax_errors": [],
    "lexer_errors": [],
    "other_err": []
  },
  "cd3d68f960f2b7675371a3987f894a2f": {
    "syntax_errors": [],
    "lexer_errors": [],
    "other_err": []
  },
  "e44b4c849550a0da76b17f1cb758e6df": {
    "syntax_errors": [],
    "lexer_errors": [],
    "other_err": []
  },
  "ca7f9f308b17524c30488e4ad3da5df7": {
    "syntax_errors": [],
    "lexer_errors": [],
    "other_err": []
  },
  "66ea5d13aedcb5e6a2b5e15914d102f8": {
    "syntax_errors": [],
    "lexer_errors": [],
    "other_err": []
  },
  "9c4023d66a98e831354b9b6942e473e7": {
    "syntax_errors": [],
    "lexer_errors": [],
    "other_err": []
  },
  "1f008758750b6177fe85db106772ea0c": {
    "syntax_errors": [],
    "lexer_errors": [],
    "other_err": []
  },
  "8c6e0dcaf51e4e39bf632c8c17119f38": {
    "syntax_errors": [],
    "lexer_errors": [],
    "other_err": []
  },
  "963bc388671d744a671d20f6f4565cc6": {
    "syntax_errors": [],
    "lexer_errors": [],
    "other_err": []
  },
  "6de01b2ffd5fb44596cc9a8950b52a3d": {
    "syntax_errors": [],
    "lexer_errors": [],
    "other_err": []
  },
  "7fe8845efec4fea2c90bdad54bda27d1": {
    "syntax_errors": [
      "Wed Sep 23 2020 17:32:54 GMT+0000"
    ],
    "lexer_errors": [],
    "other_err": []
  },
  "e68675a048e4e850ceee38b97264d72f": {
    "syntax_errors": [
      "Tue Sep 22 2020 20:15:33 GMT+0000",
      "Tue Sep 22 2020 20:13:32 GMT+0000",
      "Tue Sep 22 2020 19:59:15 GMT+0000",
      "Tue Sep 22 2020 19:54:08 GMT+0000",
      "Tue Sep 22 2020 19:52:32 GMT+0000",
      "Tue Sep 22 2020 19:51:43 GMT+0000",
      "Tue Sep 22 2020 19:49:17 GMT+0000",
      "Tue Sep 22 2020 19:45:03 GMT+0000",
      "Tue Sep 22 2020 19:43:28 GMT+0000"
    ],
    "lexer_errors": [],
    "other_err": []
  },
  "63997a1582e24387e6499a4fb15b340e": {
    "syntax_errors": [],
    "lexer_errors": [],
    "other_err": []
  },
  "370075e92a577c9f6782e3b253bcbaae": {
    "syntax_errors": [
      "Tue Sep 22 2020 20:23:36 GMT+0000",
      "Tue Sep 22 2020 20:20:08 GMT+0000"
    ],
    "lexer_errors": [
      "Tue Sep 22 2020 18:11:04 GMT+0000",
      "Tue Sep 22 2020 17:58:04 GMT+0000",
      "Tue Sep 22 2020 17:43:23 GMT+0000",
      "Tue Sep 22 2020 17:41:01 GMT+0000",
      "Tue Sep 22 2020 17:37:54 GMT+0000",
      "Tue Sep 22 2020 17:30:53 GMT+0000",
      "Tue Sep 22 2020 17:30:20 GMT+0000",
      "Tue Sep 22 2020 17:18:38 GMT+0000",
      "Tue Sep 22 2020 17:17:54 GMT+0000",
      "Tue Sep 22 2020 17:15:45 GMT+0000",
      "Tue Sep 22 2020 17:14:07 GMT+0000",
      "Tue Sep 22 2020 17:12:36 GMT+0000",
      "Tue Sep 22 2020 17:11:01 GMT+0000",
      "Tue Sep 22 2020 17:06:53 GMT+0000",
      "Tue Sep 22 2020 17:06:10 GMT+0000",
      "Tue Sep 22 2020 17:05:02 GMT+0000",
      "Tue Sep 22 2020 17:02:38 GMT+0000",
      "Tue Sep 22 2020 17:00:34 GMT+0000",
      "Tue Sep 22 2020 16:53:54 GMT+0000",
      "Tue Sep 22 2020 16:52:23 GMT+0000",
      "Tue Sep 22 2020 16:51:04 GMT+0000",
      "Sat Sep 19 2020 18:08:49 GMT+0000",
      "Sat Sep 19 2020 17:44:31 GMT+0000",
      "Sat Sep 19 2020 17:41:28 GMT+0000",
      "Sat Sep 19 2020 17:12:03 GMT+0000",
      "Sat Sep 19 2020 17:10:59 GMT+0000",
      "Sat Sep 19 2020 17:08:00 GMT+0000",
      "Sat Sep 19 2020 17:07:21 GMT+0000",
      "Sat Sep 19 2020 17:06:18 GMT+0000",
      "Sat Sep 19 2020 17:04:04 GMT+0000",
      "Sat Sep 19 2020 17:02:17 GMT+0000",
      "Sat Sep 19 2020 16:37:51 GMT+0000",
      "Sat Sep 19 2020 16:36:37 GMT+0000",
      "Sat Sep 19 2020 16:35:05 GMT+0000"
    ],
    "other_err": []
  },
  "2e8b67ff6ec42ca2a35065901de07638": {
    "syntax_errors": [],
    "lexer_errors": [],
    "other_err": []
  },
  "4bf74b57a469455ca352d3b147414c18": {
    "syntax_errors": [],
    "lexer_errors": [],
    "other_err": []
  },
  "d54baff9c3e9e5467505601b4b370289": {
    "syntax_errors": [],
    "lexer_errors": [],
    "other_err": []
  },
  "dad0ff1ef129748fdedf263b684855c5": {
    "syntax_errors": [],
    "lexer_errors": [],
    "other_err": []
  },
  "7fb3ba7b06312c6714f82ab7843d7c20": {
    "syntax_errors": [],
    "lexer_errors": [],
    "other_err": []
  },
  "e002860afcf5e71bde0effdeaa232e67": {
    "syntax_errors": [],
    "lexer_errors": [],
    "other_err": []
  },
  "f9e6bd86e370f22336829cf69d35963a": {
    "syntax_errors": [],
    "lexer_errors": [],
    "other_err": []
  }
}