{
  "8fc3745aa83fa317ef120bf1f133f9c7": {
    "syntax_errors": [],
    "lexer_errors": [],
    "other_err": []
  },
  "a73d8376b084d8b62c3c20ebafa37973": {
    "syntax_errors": [],
    "lexer_errors": [],
    "other_err": []
  },
  "61d5d7add8610b18a2806e299f4e9b9e": {
    "syntax_errors": [],
    "lexer_errors": [],
    "other_err": []
  },
  "c077a81dc8f73ea707aefbcf20856af4": {
    "syntax_errors": [],
    "lexer_errors": [],
    "other_err": []
  },
  "220fe3594c21f49b4b938a03436d97ad": {
    "syntax_errors": [],
    "lexer_errors": [],
    "other_err": []
  },
  "a2eb88d37ac1790a9749b7799df911aa": {
    "syntax_errors": [],
    "lexer_errors": [],
    "other_err": []
  },
  "6216de078faa53b915b7c3eb59a7b998": {
    "syntax_errors": [],
    "lexer_errors": [],
    "other_err": []
  },
  "6b3f295ece9fa0f96019f2bb9e48f36a": {
    "syntax_errors": [],
    "lexer_errors": [],
    "other_err": []
  },
  "ae7d1e6aef691b20f960fed4b3c78f72": {
    "syntax_errors": [],
    "lexer_errors": [],
    "other_err": []
  },
  "e0d75bb896abfa45c43627f92532ab5f": {
    "syntax_errors": [],
    "lexer_errors": [],
    "other_err": []
  },
  "1ab708a6f017a78a5bdce6722e9c09fd": {
    "syntax_errors": [],
    "lexer_errors": [],
    "other_err": []
  },
  "7efa86aa3ec3928ab741e5f45861ac60": {
    "syntax_errors": [],
    "lexer_errors": [],
    "other_err": []
  },
  "bb82eeafa80bd4a30c4f4bb10296098d": {
    "syntax_errors": [],
    "lexer_errors": [],
    "other_err": []
  },
  "540d27ec01ef2ffcf9c7b9b4fa5104da": {
    "syntax_errors": [],
    "lexer_errors": [],
    "other_err": []
  },
  "353ebc334ebc49dc488247da6776f007": {
    "syntax_errors": [],
    "lexer_errors": [],
    "other_err": []
  },
  "aaeeedba617dd9868e18f6bf82cc838e": {
    "syntax_errors": [],
    "lexer_errors": [],
    "other_err": []
  },
  "3ef3283f8bf8c75ce823f0d294b08691": {
    "syntax_errors": [],
    "lexer_errors": [],
    "other_err": []
  },
  "01c66550e87b2a0498dbaf67a69a802c": {
    "syntax_errors": [],
    "lexer_errors": [],
    "other_err": []
  },
  "82c2dc28f573be05cb14e902239c987a": {
    "syntax_errors": [],
    "lexer_errors": [
      "Thu Oct 15 2020 05:03:38 GMT+0000"
    ],
    "other_err": []
  },
  "ad751a1d17a48592f22bcc68492f335f": {
    "syntax_errors": [],
    "lexer_errors": [],
    "other_err": []
  },
  "2dc118fe809a96a285547b0ef396e0a2": {
    "syntax_errors": [],
    "lexer_errors": [
      "Thu Oct 15 2020 22:55:16 GMT+0000",
      "Thu Oct 15 2020 22:55:02 GMT+0000",
      "Thu Oct 15 2020 22:54:26 GMT+0000",
      "Thu Oct 15 2020 22:54:06 GMT+0000",
      "Thu Oct 15 2020 22:53:50 GMT+0000",
      "Thu Oct 15 2020 22:53:33 GMT+0000",
      "Thu Oct 15 2020 22:46:46 GMT+0000",
      "Thu Oct 15 2020 22:38:22 GMT+0000",
      "Thu Oct 15 2020 22:37:11 GMT+0000",
      "Thu Oct 15 2020 22:36:14 GMT+0000",
      "Thu Oct 15 2020 21:32:28 GMT+0000",
      "Thu Oct 15 2020 21:31:52 GMT+0000",
      "Thu Oct 15 2020 17:38:14 GMT+0000"
    ],
    "other_err": []
  },
  "279762f7565d1285e0463e44de7347c1": {
    "syntax_errors": [],
    "lexer_errors": [],
    "other_err": []
  },
  "72f3b0ac2d59eb8cb1c28d2b4630554f": {
    "syntax_errors": [],
    "lexer_errors": [],
    "other_err": []
  },
  "1709b4a5fc3a0dcec1357dd186d7f368": {
    "syntax_errors": [],
    "lexer_errors": [
      "Wed Oct 14 2020 15:31:41 GMT+0000",
      "Wed Oct 14 2020 15:27:46 GMT+0000",
      "Wed Oct 14 2020 15:27:00 GMT+0000",
      "Wed Oct 14 2020 15:23:46 GMT+0000",
      "Wed Oct 14 2020 05:00:45 GMT+0000",
      "Tue Oct 13 2020 18:25:06 GMT+0000",
      "Tue Oct 13 2020 18:24:13 GMT+0000",
      "Tue Oct 13 2020 18:22:47 GMT+0000",
      "Tue Oct 13 2020 18:21:47 GMT+0000"
    ],
    "other_err": []
  },
  "3647b6fd9957fc2af3a3ce46e01e4199": {
    "syntax_errors": [],
    "lexer_errors": [],
    "other_err": []
  },
  "479f1b89084309a09fe49beef1a839d3": {
    "syntax_errors": [],
    "lexer_errors": [],
    "other_err": []
  },
  "23f6de345d87086fa712ac5775487cca": {
    "syntax_errors": [],
    "lexer_errors": [],
    "other_err": []
  },
  "4f77ac213cf0ae0db5b72807a24c91d2": {
    "syntax_errors": [],
    "lexer_errors": [],
    "other_err": []
  },
  "5fff95625d28af84424508b6c32c0e68": {
    "syntax_errors": [
      "Sat Oct 10 2020 01:56:22 GMT+0000",
      "Sat Oct 10 2020 01:52:31 GMT+0000"
    ],
    "lexer_errors": [],
    "other_err": []
  },
  "c2635781fca5ceca9cac74c0eaa17e77": {
    "syntax_errors": [
      "Tue Oct 13 2020 16:54:19 GMT+0000"
    ],
    "lexer_errors": [],
    "other_err": []
  },
  "dfac497c5c5abae03eb7237ea8c593ec": {
    "syntax_errors": [],
    "lexer_errors": [],
    "other_err": []
  },
  "288fa3c5f405447f75811bcd613ac385": {
    "syntax_errors": [],
    "lexer_errors": [
      "Wed Oct 14 2020 13:22:05 GMT+0000"
    ],
    "other_err": []
  },
  "051f03c3bd17ec0ade15d0e4d15770c3": {
    "syntax_errors": [
      "Sat Oct 10 2020 23:27:58 GMT+0000",
      "Sat Oct 10 2020 23:26:02 GMT+0000",
      "Sat Oct 10 2020 21:51:59 GMT+0000",
      "Sat Oct 10 2020 21:51:26 GMT+0000",
      "Sat Oct 10 2020 21:49:13 GMT+0000",
      "Sat Oct 10 2020 21:39:15 GMT+0000",
      "Sat Oct 10 2020 21:38:16 GMT+0000",
      "Sat Oct 10 2020 21:32:42 GMT+0000",
      "Sat Oct 10 2020 21:26:42 GMT+0000"
    ],
    "lexer_errors": [],
    "other_err": []
  },
  "3ce37dd3ecada97b01471d51302f9e69": {
    "syntax_errors": [],
    "lexer_errors": [],
    "other_err": []
  },
  "6801a190355a189645997a0b481965ef": {
    "syntax_errors": [],
    "lexer_errors": [],
    "other_err": []
  },
  "d5d9b27a5c1a70aecc77b0fa91b1a724": {
    "syntax_errors": [],
    "lexer_errors": [],
    "other_err": []
  },
  "618781e4466083635865f8da493bd26e": {
    "syntax_errors": [],
    "lexer_errors": [],
    "other_err": []
  },
  "e94ed6c369997299624028ad6be817ea": {
    "syntax_errors": [],
    "lexer_errors": [],
    "other_err": []
  },
  "4156f9719efa0fcd2b9ab679bff3b783": {
    "syntax_errors": [],
    "lexer_errors": [],
    "other_err": []
  },
  "9f81f2601e9c42377f97662efd179708": {
    "syntax_errors": [],
    "lexer_errors": [],
    "other_err": []
  },
  "89be5d0809c21a6ce69ba8f432b149b5": {
    "syntax_errors": [],
    "lexer_errors": [],
    "other_err": []
  },
  "9fb2a26c1b8b91ace60413a70e94df55": {
    "syntax_errors": [],
    "lexer_errors": [],
    "other_err": []
  },
  "1246a05ce6852a6152b7a584b6c1d965": {
    "syntax_errors": [],
    "lexer_errors": [],
    "other_err": []
  },
  "5fb6a863ec51e70db20047ddb3bf1398": {
    "syntax_errors": [],
    "lexer_errors": [],
    "other_err": []
  },
  "72efb41c3b713813c7bf2bf3679a7cb8": {
    "syntax_errors": [],
    "lexer_errors": [],
    "other_err": []
  },
  "099d65e14969b8d72fc08b5e16d6a37d": {
    "syntax_errors": [],
    "lexer_errors": [],
    "other_err": []
  },
  "0d34c304d6b11a4c1c55a7c466cea30d": {
    "syntax_errors": [],
    "lexer_errors": [],
    "other_err": []
  },
  "d23c404360acb759140e1a05e53579a8": {
    "syntax_errors": [],
    "lexer_errors": [],
    "other_err": []
  },
  "e6460429183ed570ffade8f926256e4e": {
    "syntax_errors": [
      "Thu Oct 15 2020 19:32:50 GMT+0000"
    ],
    "lexer_errors": [],
    "other_err": []
  },
  "0b561330e6538dd7d8d3b1d2ae3508c2": {
    "syntax_errors": [],
    "lexer_errors": [],
    "other_err": []
  },
  "7a1fba31f9a90fda1995ba09f0e4472b": {
    "syntax_errors": [],
    "lexer_errors": [],
    "other_err": []
  },
  "e0c96be82786d4e4b2bf5120c97ab45a": {
    "syntax_errors": [],
    "lexer_errors": [],
    "other_err": []
  },
  "2779eda968d3d2377e7f5d07f0471c77": {
    "syntax_errors": [],
    "lexer_errors": [],
    "other_err": []
  },
  "7125c63544b50d3e21accd0964d1f4fa": {
    "syntax_errors": [],
    "lexer_errors": [
      "Fri Oct 16 2020 03:40:00 GMT+0000",
      "Fri Oct 16 2020 03:36:41 GMT+0000",
      "Fri Oct 16 2020 03:29:40 GMT+0000",
      "Fri Oct 16 2020 03:23:25 GMT+0000",
      "Fri Oct 16 2020 03:20:46 GMT+0000",
      "Fri Oct 16 2020 03:15:37 GMT+0000",
      "Fri Oct 16 2020 03:05:59 GMT+0000",
      "Fri Oct 16 2020 03:03:56 GMT+0000",
      "Fri Oct 16 2020 02:59:01 GMT+0000",
      "Fri Oct 16 2020 02:57:10 GMT+0000",
      "Fri Oct 16 2020 02:52:49 GMT+0000",
      "Fri Oct 16 2020 02:48:41 GMT+0000",
      "Fri Oct 16 2020 02:48:09 GMT+0000",
      "Thu Oct 15 2020 09:12:31 GMT+0000",
      "Thu Oct 15 2020 09:11:07 GMT+0000",
      "Thu Oct 15 2020 09:09:52 GMT+0000",
      "Thu Oct 15 2020 09:08:50 GMT+0000",
      "Thu Oct 15 2020 08:45:09 GMT+0000",
      "Thu Oct 15 2020 08:33:03 GMT+0000",
      "Thu Oct 15 2020 08:18:25 GMT+0000",
      "Thu Oct 15 2020 08:02:17 GMT+0000",
      "Thu Oct 15 2020 07:59:34 GMT+0000",
      "Thu Oct 15 2020 07:41:31 GMT+0000",
      "Thu Oct 15 2020 07:31:39 GMT+0000",
      "Thu Oct 15 2020 07:28:42 GMT+0000",
      "Thu Oct 15 2020 01:39:44 GMT+0000",
      "Thu Oct 15 2020 01:38:08 GMT+0000",
      "Thu Oct 15 2020 01:36:26 GMT+0000",
      "Thu Oct 15 2020 01:34:53 GMT+0000"
    ],
    "other_err": []
  },
  "5547acedc6f91b0d9d200e30ee842399": {
    "syntax_errors": [],
    "lexer_errors": [],
    "other_err": []
  },
  "b7ffe816619a4bd43d2744c0cc714188": {
    "syntax_errors": [],
    "lexer_errors": [],
    "other_err": []
  },
  "d64b5e45ea7bd846bbdf925b681b2092": {
    "syntax_errors": [],
    "lexer_errors": [],
    "other_err": []
  },
  "e77f18127bd824ad8646d14c1f5b7b55": {
    "syntax_errors": [],
    "lexer_errors": [],
    "other_err": []
  },
  "83bcbfc18093cc1dedaa07566007a1f5": {
    "syntax_errors": [],
    "lexer_errors": [
      "Sun Oct 11 2020 19:20:05 GMT+0000",
      "Sun Oct 11 2020 02:56:03 GMT+0000",
      "Sun Oct 11 2020 02:55:13 GMT+0000",
      "Sun Oct 11 2020 02:53:36 GMT+0000",
      "Sun Oct 11 2020 02:52:43 GMT+0000",
      "Sun Oct 11 2020 02:52:01 GMT+0000",
      "Sun Oct 11 2020 02:51:07 GMT+0000",
      "Sun Oct 11 2020 02:46:23 GMT+0000",
      "Sun Oct 11 2020 02:46:04 GMT+0000",
      "Sun Oct 11 2020 02:42:26 GMT+0000",
      "Sun Oct 11 2020 02:41:20 GMT+0000",
      "Sun Oct 11 2020 02:40:46 GMT+0000",
      "Sun Oct 11 2020 02:33:52 GMT+0000",
      "Sun Oct 11 2020 02:15:30 GMT+0000",
      "Sun Oct 11 2020 02:04:52 GMT+0000",
      "Sun Oct 11 2020 02:00:40 GMT+0000",
      "Sun Oct 11 2020 01:55:01 GMT+0000",
      "Sun Oct 11 2020 01:53:11 GMT+0000",
      "Sun Oct 11 2020 01:52:36 GMT+0000"
    ],
    "other_err": []
  },
  "83850662822aedd6aaf13cda5fcc3942": {
    "syntax_errors": [],
    "lexer_errors": [],
    "other_err": []
  },
  "edf026518982b2920e08c411518d28c4": {
    "syntax_errors": [],
    "lexer_errors": [],
    "other_err": []
  },
  "d39f171169f0da7b324fdca437e564ce": {
    "syntax_errors": [],
    "lexer_errors": [],
    "other_err": []
  },
  "ec471331256bca240e110b428aa16033": {
    "syntax_errors": [],
    "lexer_errors": [],
    "other_err": []
  },
  "c83cd8aec144497226a05bf4c251bbfc": {
    "syntax_errors": [],
    "lexer_errors": [],
    "other_err": []
  },
  "598dbf536f921f0731168a43318ff513": {
    "syntax_errors": [
      "Wed Oct 14 2020 01:54:12 GMT+0000"
    ],
    "lexer_errors": [],
    "other_err": []
  },
  "f23717a578e466198cfe841638c84f84": {
    "syntax_errors": [
      "Sun Oct 11 2020 23:30:36 GMT+0000",
      "Sun Oct 11 2020 23:29:27 GMT+0000",
      "Sun Oct 11 2020 23:28:19 GMT+0000",
      "Sun Oct 11 2020 23:24:56 GMT+0000",
      "Sun Oct 11 2020 23:19:24 GMT+0000",
      "Sun Oct 11 2020 23:08:05 GMT+0000",
      "Sun Oct 11 2020 23:03:58 GMT+0000",
      "Sun Oct 11 2020 22:50:14 GMT+0000",
      "Sun Oct 11 2020 22:49:35 GMT+0000",
      "Sun Oct 11 2020 22:46:28 GMT+0000",
      "Sun Oct 11 2020 22:43:52 GMT+0000",
      "Sun Oct 11 2020 22:41:55 GMT+0000",
      "Sun Oct 11 2020 22:37:08 GMT+0000",
      "Sun Oct 11 2020 22:36:36 GMT+0000",
      "Sun Oct 11 2020 22:34:44 GMT+0000",
      "Sun Oct 11 2020 22:30:39 GMT+0000",
      "Sun Oct 11 2020 22:28:21 GMT+0000",
      "Sun Oct 11 2020 22:23:20 GMT+0000",
      "Sun Oct 11 2020 22:21:04 GMT+0000",
      "Sun Oct 11 2020 22:17:10 GMT+0000",
      "Sun Oct 11 2020 22:16:26 GMT+0000",
      "Sun Oct 11 2020 22:16:04 GMT+0000",
      "Sun Oct 11 2020 22:14:41 GMT+0000",
      "Sun Oct 11 2020 22:14:07 GMT+0000",
      "Sun Oct 11 2020 22:04:30 GMT+0000",
      "Sun Oct 11 2020 22:04:06 GMT+0000",
      "Sun Oct 11 2020 22:03:27 GMT+0000",
      "Sun Oct 11 2020 22:02:05 GMT+0000",
      "Sun Oct 11 2020 21:56:40 GMT+0000",
      "Sun Oct 11 2020 21:52:24 GMT+0000",
      "Sun Oct 11 2020 21:50:42 GMT+0000",
      "Sun Oct 11 2020 21:47:48 GMT+0000",
      "Sun Oct 11 2020 21:47:28 GMT+0000",
      "Sun Oct 11 2020 21:46:30 GMT+0000",
      "Sun Oct 11 2020 21:45:26 GMT+0000",
      "Sun Oct 11 2020 21:30:20 GMT+0000",
      "Sun Oct 11 2020 21:21:26 GMT+0000",
      "Sun Oct 11 2020 21:21:03 GMT+0000",
      "Sun Oct 11 2020 21:16:09 GMT+0000",
      "Sun Oct 11 2020 21:13:51 GMT+0000",
      "Sun Oct 11 2020 20:02:32 GMT+0000",
      "Sun Oct 11 2020 20:02:15 GMT+0000",
      "Sun Oct 11 2020 20:00:58 GMT+0000",
      "Sun Oct 11 2020 19:57:37 GMT+0000",
      "Sun Oct 11 2020 19:54:43 GMT+0000",
      "Sun Oct 11 2020 19:52:14 GMT+0000",
      "Sun Oct 11 2020 19:51:42 GMT+0000",
      "Sun Oct 11 2020 19:48:14 GMT+0000",
      "Sun Oct 11 2020 19:47:17 GMT+0000",
      "Sun Oct 11 2020 19:39:45 GMT+0000",
      "Sun Oct 11 2020 19:33:48 GMT+0000",
      "Sun Oct 11 2020 19:31:15 GMT+0000",
      "Sun Oct 11 2020 19:29:36 GMT+0000",
      "Sun Oct 11 2020 19:22:49 GMT+0000",
      "Sun Oct 11 2020 17:07:08 GMT+0000",
      "Sun Oct 11 2020 17:03:13 GMT+0000",
      "Sun Oct 11 2020 17:00:46 GMT+0000",
      "Sun Oct 11 2020 16:30:06 GMT+0000",
      "Sun Oct 11 2020 16:05:13 GMT+0000"
    ],
    "lexer_errors": [],
    "other_err": []
  },
  "1a3252ea5002e6689c17cdb96bd099f9": {
    "syntax_errors": [
      "Mon Oct 12 2020 12:48:12 GMT+0000"
    ],
    "lexer_errors": [
      "Mon Oct 12 2020 11:48:27 GMT+0000"
    ],
    "other_err": []
  },
  "5101a7e8f9f62819280dbf4b0123ab04": {
    "syntax_errors": [],
    "lexer_errors": [],
    "other_err": []
  },
  "871f749d3430e6336599099df5eba5c7": {
    "syntax_errors": [],
    "lexer_errors": [],
    "other_err": []
  },
  "eb6cd64e9137c4406b016b7d3f330e5a": {
    "syntax_errors": [],
    "lexer_errors": [],
    "other_err": []
  },
  "188b3d7450a9fa023103bbf571702c5e": {
    "syntax_errors": [],
    "lexer_errors": [],
    "other_err": []
  },
  "dc98919f4efd48a587ac77a1a9a86fa0": {
    "syntax_errors": [
      "Tue Oct 13 2020 00:13:29 GMT+0000"
    ],
    "lexer_errors": [],
    "other_err": []
  },
  "41ae1961ad83962e7022b1b5114cc9df": {
    "syntax_errors": [],
    "lexer_errors": [],
    "other_err": []
  },
  "6dfbb8ddd41681301c0c0c9c4b40a66c": {
    "syntax_errors": [],
    "lexer_errors": [],
    "other_err": []
  },
  "8db3a275379af29e702e6b2e31293791": {
    "syntax_errors": [],
    "lexer_errors": [],
    "other_err": []
  },
  "9752899a0b63709905d8eb59932740f6": {
    "syntax_errors": [],
    "lexer_errors": [],
    "other_err": []
  },
  "2fdc24731ff44c673ea9139769df29c4": {
    "syntax_errors": [],
    "lexer_errors": [],
    "other_err": []
  },
  "157b29a169fd8739788f4b207a71e78e": {
    "syntax_errors": [],
    "lexer_errors": [],
    "other_err": []
  },
  "bd7b36bfe8d66f18eea48cca06a2e4e2": {
    "syntax_errors": [],
    "lexer_errors": [],
    "other_err": []
  },
  "a622c0c79120c9ead276675f41f4c218": {
    "syntax_errors": [],
    "lexer_errors": [],
    "other_err": []
  },
  "038cbbcf1658dc4d0b5aec43a8e13613": {
    "syntax_errors": [
      "Thu Oct 15 2020 14:48:47 GMT+0000"
    ],
    "lexer_errors": [],
    "other_err": []
  },
  "aaa8b77cb659f220c1c5a9373f56ddbf": {
    "syntax_errors": [],
    "lexer_errors": [],
    "other_err": []
  },
  "e72eedb09fbb4228caf3fa576b74bc0b": {
    "syntax_errors": [],
    "lexer_errors": [],
    "other_err": []
  },
  "cd3d68f960f2b7675371a3987f894a2f": {
    "syntax_errors": [],
    "lexer_errors": [],
    "other_err": []
  },
  "e44b4c849550a0da76b17f1cb758e6df": {
    "syntax_errors": [],
    "lexer_errors": [],
    "other_err": []
  },
  "ca7f9f308b17524c30488e4ad3da5df7": {
    "syntax_errors": [],
    "lexer_errors": [],
    "other_err": []
  },
  "66ea5d13aedcb5e6a2b5e15914d102f8": {
    "syntax_errors": [],
    "lexer_errors": [],
    "other_err": []
  },
  "9c4023d66a98e831354b9b6942e473e7": {
    "syntax_errors": [
      "Fri Oct 09 2020 22:41:21 GMT+0000",
      "Fri Oct 09 2020 22:34:14 GMT+0000",
      "Fri Oct 09 2020 22:28:25 GMT+0000",
      "Fri Oct 09 2020 22:26:05 GMT+0000"
    ],
    "lexer_errors": [],
    "other_err": []
  },
  "1f008758750b6177fe85db106772ea0c": {
    "syntax_errors": [],
    "lexer_errors": [],
    "other_err": []
  },
  "8c6e0dcaf51e4e39bf632c8c17119f38": {
    "syntax_errors": [],
    "lexer_errors": [],
    "other_err": []
  },
  "963bc388671d744a671d20f6f4565cc6": {
    "syntax_errors": [],
    "lexer_errors": [],
    "other_err": []
  },
  "6de01b2ffd5fb44596cc9a8950b52a3d": {
    "syntax_errors": [],
    "lexer_errors": [],
    "other_err": []
  },
  "7fe8845efec4fea2c90bdad54bda27d1": {
    "syntax_errors": [],
    "lexer_errors": [],
    "other_err": []
  },
  "e68675a048e4e850ceee38b97264d72f": {
    "syntax_errors": [],
    "lexer_errors": [],
    "other_err": []
  },
  "63997a1582e24387e6499a4fb15b340e": {
    "syntax_errors": [],
    "lexer_errors": [],
    "other_err": []
  },
  "370075e92a577c9f6782e3b253bcbaae": {
    "syntax_errors": [],
    "lexer_errors": [
      "Thu Oct 15 2020 04:08:26 GMT+0000",
      "Thu Oct 15 2020 04:06:10 GMT+0000",
      "Wed Oct 14 2020 21:38:06 GMT+0000"
    ],
    "other_err": []
  },
  "4d6636c20bce244a15e4bba83f084f82": {
    "syntax_errors": [],
    "lexer_errors": [],
    "other_err": []
  },
  "2e8b67ff6ec42ca2a35065901de07638": {
    "syntax_errors": [],
    "lexer_errors": [],
    "other_err": []
  },
  "4bf74b57a469455ca352d3b147414c18": {
    "syntax_errors": [
      "Thu Oct 15 2020 04:08:24 GMT+0000",
      "Thu Oct 15 2020 04:03:08 GMT+0000",
      "Thu Oct 15 2020 03:49:28 GMT+0000"
    ],
    "lexer_errors": [],
    "other_err": []
  },
  "d54baff9c3e9e5467505601b4b370289": {
    "syntax_errors": [],
    "lexer_errors": [],
    "other_err": []
  },
  "dad0ff1ef129748fdedf263b684855c5": {
    "syntax_errors": [],
    "lexer_errors": [],
    "other_err": []
  },
  "7fb3ba7b06312c6714f82ab7843d7c20": {
    "syntax_errors": [],
    "lexer_errors": [],
    "other_err": []
  },
  "e002860afcf5e71bde0effdeaa232e67": {
    "syntax_errors": [
      "Tue Oct 13 2020 23:22:54 GMT+0000",
      "Tue Oct 13 2020 23:19:54 GMT+0000",
      "Tue Oct 13 2020 23:17:23 GMT+0000"
    ],
    "lexer_errors": [],
    "other_err": []
  },
  "f9e6bd86e370f22336829cf69d35963a": {
    "syntax_errors": [],
    "lexer_errors": [
      "Tue Oct 13 2020 00:03:31 GMT+0000",
      "Tue Oct 13 2020 00:01:34 GMT+0000",
      "Mon Oct 12 2020 23:59:32 GMT+0000"
    ],
    "other_err": []
  }
}