{
  "8fc3745aa83fa317ef120bf1f133f9c7": {
    "syntax_errors": [],
    "lexer_errors": [],
    "other_err": []
  },
  "a73d8376b084d8b62c3c20ebafa37973": {
    "syntax_errors": [],
    "lexer_errors": [],
    "other_err": []
  },
  "61d5d7add8610b18a2806e299f4e9b9e": {
    "syntax_errors": [],
    "lexer_errors": [],
    "other_err": []
  },
  "c077a81dc8f73ea707aefbcf20856af4": {
    "syntax_errors": [],
    "lexer_errors": [],
    "other_err": []
  },
  "bd477a95c707ee5cd0cf12efcfa0529b": {
    "syntax_errors": [],
    "lexer_errors": [],
    "other_err": []
  },
  "220fe3594c21f49b4b938a03436d97ad": {
    "syntax_errors": [],
    "lexer_errors": [],
    "other_err": []
  },
  "a2eb88d37ac1790a9749b7799df911aa": {
    "syntax_errors": [],
    "lexer_errors": [],
    "other_err": []
  },
  "6216de078faa53b915b7c3eb59a7b998": {
    "syntax_errors": [],
    "lexer_errors": [],
    "other_err": []
  },
  "6b3f295ece9fa0f96019f2bb9e48f36a": {
    "syntax_errors": [],
    "lexer_errors": [],
    "other_err": []
  },
  "ae7d1e6aef691b20f960fed4b3c78f72": {
    "syntax_errors": [],
    "lexer_errors": [],
    "other_err": []
  },
  "e0d75bb896abfa45c43627f92532ab5f": {
    "syntax_errors": [],
    "lexer_errors": [],
    "other_err": []
  },
  "1ab708a6f017a78a5bdce6722e9c09fd": {
    "syntax_errors": [],
    "lexer_errors": [],
    "other_err": []
  },
  "7efa86aa3ec3928ab741e5f45861ac60": {
    "syntax_errors": [],
    "lexer_errors": [],
    "other_err": []
  },
  "bb82eeafa80bd4a30c4f4bb10296098d": {
    "syntax_errors": [],
    "lexer_errors": [],
    "other_err": []
  },
  "540d27ec01ef2ffcf9c7b9b4fa5104da": {
    "syntax_errors": [],
    "lexer_errors": [],
    "other_err": []
  },
  "353ebc334ebc49dc488247da6776f007": {
    "syntax_errors": [],
    "lexer_errors": [],
    "other_err": []
  },
  "aaeeedba617dd9868e18f6bf82cc838e": {
    "syntax_errors": [],
    "lexer_errors": [],
    "other_err": []
  },
  "3ef3283f8bf8c75ce823f0d294b08691": {
    "syntax_errors": [],
    "lexer_errors": [],
    "other_err": []
  },
  "01c66550e87b2a0498dbaf67a69a802c": {
    "syntax_errors": [],
    "lexer_errors": [],
    "other_err": []
  },
  "82c2dc28f573be05cb14e902239c987a": {
    "syntax_errors": [],
    "lexer_errors": [],
    "other_err": []
  },
  "ad751a1d17a48592f22bcc68492f335f": {
    "syntax_errors": [],
    "lexer_errors": [],
    "other_err": []
  },
  "2dc118fe809a96a285547b0ef396e0a2": {
    "syntax_errors": [],
    "lexer_errors": [],
    "other_err": []
  },
  "279762f7565d1285e0463e44de7347c1": {
    "syntax_errors": [],
    "lexer_errors": [],
    "other_err": []
  },
  "72f3b0ac2d59eb8cb1c28d2b4630554f": {
    "syntax_errors": [],
    "lexer_errors": [],
    "other_err": []
  },
  "1709b4a5fc3a0dcec1357dd186d7f368": {
    "syntax_errors": [],
    "lexer_errors": [],
    "other_err": []
  },
  "3647b6fd9957fc2af3a3ce46e01e4199": {
    "syntax_errors": [],
    "lexer_errors": [],
    "other_err": []
  },
  "479f1b89084309a09fe49beef1a839d3": {
    "syntax_errors": [],
    "lexer_errors": [],
    "other_err": []
  },
  "23f6de345d87086fa712ac5775487cca": {
    "syntax_errors": [],
    "lexer_errors": [],
    "other_err": []
  },
  "4f77ac213cf0ae0db5b72807a24c91d2": {
    "syntax_errors": [
      "Fri Oct 30 2020 12:29:08 GMT+0000",
      "Fri Oct 30 2020 12:25:51 GMT+0000",
      "Fri Oct 30 2020 12:24:11 GMT+0000",
      "Fri Oct 30 2020 11:03:07 GMT+0000",
      "Fri Oct 30 2020 10:37:00 GMT+0000",
      "Fri Oct 30 2020 10:31:18 GMT+0000",
      "Fri Oct 30 2020 10:29:13 GMT+0000"
    ],
    "lexer_errors": [],
    "other_err": []
  },
  "5fff95625d28af84424508b6c32c0e68": {
    "syntax_errors": [],
    "lexer_errors": [],
    "other_err": []
  },
  "c2635781fca5ceca9cac74c0eaa17e77": {
    "syntax_errors": [],
    "lexer_errors": [],
    "other_err": []
  },
  "dfac497c5c5abae03eb7237ea8c593ec": {
    "syntax_errors": [],
    "lexer_errors": [],
    "other_err": []
  },
  "288fa3c5f405447f75811bcd613ac385": {
    "syntax_errors": [],
    "lexer_errors": [],
    "other_err": []
  },
  "051f03c3bd17ec0ade15d0e4d15770c3": {
    "syntax_errors": [],
    "lexer_errors": [],
    "other_err": []
  },
  "3ce37dd3ecada97b01471d51302f9e69": {
    "syntax_errors": [],
    "lexer_errors": [],
    "other_err": []
  },
  "6801a190355a189645997a0b481965ef": {
    "syntax_errors": [],
    "lexer_errors": [],
    "other_err": []
  },
  "d5d9b27a5c1a70aecc77b0fa91b1a724": {
    "syntax_errors": [],
    "lexer_errors": [],
    "other_err": []
  },
  "618781e4466083635865f8da493bd26e": {
    "syntax_errors": [],
    "lexer_errors": [],
    "other_err": []
  },
  "e94ed6c369997299624028ad6be817ea": {
    "syntax_errors": [],
    "lexer_errors": [],
    "other_err": []
  },
  "4156f9719efa0fcd2b9ab679bff3b783": {
    "syntax_errors": [],
    "lexer_errors": [],
    "other_err": []
  },
  "9f81f2601e9c42377f97662efd179708": {
    "syntax_errors": [],
    "lexer_errors": [],
    "other_err": []
  },
  "89be5d0809c21a6ce69ba8f432b149b5": {
    "syntax_errors": [],
    "lexer_errors": [],
    "other_err": []
  },
  "9fb2a26c1b8b91ace60413a70e94df55": {
    "syntax_errors": [],
    "lexer_errors": [],
    "other_err": []
  },
  "1246a05ce6852a6152b7a584b6c1d965": {
    "syntax_errors": [
      "Fri Oct 30 2020 22:10:51 GMT+0000"
    ],
    "lexer_errors": [],
    "other_err": []
  },
  "5fb6a863ec51e70db20047ddb3bf1398": {
    "syntax_errors": [],
    "lexer_errors": [],
    "other_err": []
  },
  "76c2da7e6f4944f798be85320fe47efe": {
    "syntax_errors": [],
    "lexer_errors": [],
    "other_err": []
  },
  "72efb41c3b713813c7bf2bf3679a7cb8": {
    "syntax_errors": [],
    "lexer_errors": [],
    "other_err": []
  },
  "099d65e14969b8d72fc08b5e16d6a37d": {
    "syntax_errors": [],
    "lexer_errors": [],
    "other_err": []
  },
  "0d34c304d6b11a4c1c55a7c466cea30d": {
    "syntax_errors": [],
    "lexer_errors": [],
    "other_err": []
  },
  "d23c404360acb759140e1a05e53579a8": {
    "syntax_errors": [],
    "lexer_errors": [],
    "other_err": []
  },
  "e6460429183ed570ffade8f926256e4e": {
    "syntax_errors": [
      "Sat Oct 31 2020 01:28:33 GMT+0000",
      "Sat Oct 31 2020 01:21:43 GMT+0000",
      "Sat Oct 31 2020 01:19:14 GMT+0000",
      "Sat Oct 31 2020 00:01:58 GMT+0000",
      "Sat Oct 31 2020 00:01:06 GMT+0000",
      "Fri Oct 30 2020 23:57:26 GMT+0000",
      "Fri Oct 30 2020 23:47:00 GMT+0000",
      "Fri Oct 30 2020 23:38:21 GMT+0000",
      "Fri Oct 30 2020 22:58:54 GMT+0000",
      "Fri Oct 30 2020 22:58:41 GMT+0000",
      "Fri Oct 30 2020 22:58:25 GMT+0000",
      "Fri Oct 30 2020 22:55:58 GMT+0000",
      "Fri Oct 30 2020 22:55:41 GMT+0000",
      "Fri Oct 30 2020 22:54:39 GMT+0000",
      "Fri Oct 30 2020 22:27:45 GMT+0000",
      "Fri Oct 30 2020 22:27:28 GMT+0000",
      "Fri Oct 30 2020 21:30:29 GMT+0000",
      "Fri Oct 30 2020 21:21:22 GMT+0000",
      "Fri Oct 30 2020 20:49:11 GMT+0000",
      "Fri Oct 30 2020 20:46:51 GMT+0000",
      "Fri Oct 30 2020 20:46:09 GMT+0000"
    ],
    "lexer_errors": [],
    "other_err": []
  },
  "0b561330e6538dd7d8d3b1d2ae3508c2": {
    "syntax_errors": [],
    "lexer_errors": [],
    "other_err": []
  },
  "7a1fba31f9a90fda1995ba09f0e4472b": {
    "syntax_errors": [],
    "lexer_errors": [],
    "other_err": []
  },
  "e0c96be82786d4e4b2bf5120c97ab45a": {
    "syntax_errors": [],
    "lexer_errors": [],
    "other_err": []
  },
  "2779eda968d3d2377e7f5d07f0471c77": {
    "syntax_errors": [],
    "lexer_errors": [],
    "other_err": []
  },
  "7125c63544b50d3e21accd0964d1f4fa": {
    "syntax_errors": [],
    "lexer_errors": [],
    "other_err": []
  },
  "5547acedc6f91b0d9d200e30ee842399": {
    "syntax_errors": [],
    "lexer_errors": [],
    "other_err": []
  },
  "b7ffe816619a4bd43d2744c0cc714188": {
    "syntax_errors": [],
    "lexer_errors": [],
    "other_err": []
  },
  "d64b5e45ea7bd846bbdf925b681b2092": {
    "syntax_errors": [],
    "lexer_errors": [],
    "other_err": []
  },
  "e77f18127bd824ad8646d14c1f5b7b55": {
    "syntax_errors": [],
    "lexer_errors": [],
    "other_err": []
  },
  "83bcbfc18093cc1dedaa07566007a1f5": {
    "syntax_errors": [],
    "lexer_errors": [],
    "other_err": []
  },
  "83850662822aedd6aaf13cda5fcc3942": {
    "syntax_errors": [],
    "lexer_errors": [],
    "other_err": []
  },
  "edf026518982b2920e08c411518d28c4": {
    "syntax_errors": [],
    "lexer_errors": [],
    "other_err": []
  },
  "d39f171169f0da7b324fdca437e564ce": {
    "syntax_errors": [],
    "lexer_errors": [],
    "other_err": []
  },
  "ec471331256bca240e110b428aa16033": {
    "syntax_errors": [],
    "lexer_errors": [],
    "other_err": []
  },
  "c83cd8aec144497226a05bf4c251bbfc": {
    "syntax_errors": [],
    "lexer_errors": [],
    "other_err": []
  },
  "598dbf536f921f0731168a43318ff513": {
    "syntax_errors": [],
    "lexer_errors": [],
    "other_err": []
  },
  "f23717a578e466198cfe841638c84f84": {
    "syntax_errors": [],
    "lexer_errors": [],
    "other_err": []
  },
  "1a3252ea5002e6689c17cdb96bd099f9": {
    "syntax_errors": [],
    "lexer_errors": [],
    "other_err": []
  },
  "5101a7e8f9f62819280dbf4b0123ab04": {
    "syntax_errors": [],
    "lexer_errors": [],
    "other_err": []
  },
  "871f749d3430e6336599099df5eba5c7": {
    "syntax_errors": [],
    "lexer_errors": [],
    "other_err": []
  },
  "eb6cd64e9137c4406b016b7d3f330e5a": {
    "syntax_errors": [],
    "lexer_errors": [],
    "other_err": []
  },
  "188b3d7450a9fa023103bbf571702c5e": {
    "syntax_errors": [],
    "lexer_errors": [],
    "other_err": [
      "File \"_none_\", line 1, characters 2442-2445:\nWarning 1 [comment-start]: this `(*' is the start of a comment.\nHint: Did you forget spaces when writing the infix operator `( * )'?\n",
      "File \"_none_\", line 1, characters 2441-2444:\nWarning 1 [comment-start]: this `(*' is the start of a comment.\nHint: Did you forget spaces when writing the infix operator `( * )'?\n"
    ]
  },
  "dc98919f4efd48a587ac77a1a9a86fa0": {
    "syntax_errors": [],
    "lexer_errors": [],
    "other_err": []
  },
  "41ae1961ad83962e7022b1b5114cc9df": {
    "syntax_errors": [],
    "lexer_errors": [],
    "other_err": []
  },
  "6dfbb8ddd41681301c0c0c9c4b40a66c": {
    "syntax_errors": [
      "Sat Oct 31 2020 01:27:30 GMT+0000",
      "Sat Oct 31 2020 01:26:36 GMT+0000",
      "Sat Oct 31 2020 01:19:52 GMT+0000",
      "Sat Oct 31 2020 01:12:14 GMT+0000",
      "Sat Oct 31 2020 01:09:57 GMT+0000",
      "Thu Oct 29 2020 23:28:33 GMT+0000",
      "Thu Oct 29 2020 23:18:38 GMT+0000",
      "Thu Oct 29 2020 23:15:59 GMT+0000",
      "Thu Oct 29 2020 22:13:31 GMT+0000"
    ],
    "lexer_errors": [],
    "other_err": []
  },
  "8db3a275379af29e702e6b2e31293791": {
    "syntax_errors": [
      "Fri Oct 30 2020 18:37:46 GMT+0000",
      "Fri Oct 30 2020 18:36:08 GMT+0000",
      "Fri Oct 30 2020 18:33:35 GMT+0000",
      "Fri Oct 30 2020 18:32:38 GMT+0000",
      "Fri Oct 30 2020 18:28:40 GMT+0000",
      "Fri Oct 30 2020 18:25:04 GMT+0000"
    ],
    "lexer_errors": [],
    "other_err": []
  },
  "9752899a0b63709905d8eb59932740f6": {
    "syntax_errors": [],
    "lexer_errors": [],
    "other_err": []
  },
  "2fdc24731ff44c673ea9139769df29c4": {
    "syntax_errors": [],
    "lexer_errors": [],
    "other_err": []
  },
  "157b29a169fd8739788f4b207a71e78e": {
    "syntax_errors": [],
    "lexer_errors": [],
    "other_err": []
  },
  "bd7b36bfe8d66f18eea48cca06a2e4e2": {
    "syntax_errors": [],
    "lexer_errors": [],
    "other_err": []
  },
  "a622c0c79120c9ead276675f41f4c218": {
    "syntax_errors": [],
    "lexer_errors": [],
    "other_err": []
  },
  "038cbbcf1658dc4d0b5aec43a8e13613": {
    "syntax_errors": [],
    "lexer_errors": [],
    "other_err": []
  },
  "76dcfda84c0890ca135f54d51a2d27e0": {
    "syntax_errors": [],
    "lexer_errors": [],
    "other_err": []
  },
  "aaa8b77cb659f220c1c5a9373f56ddbf": {
    "syntax_errors": [],
    "lexer_errors": [],
    "other_err": []
  },
  "e72eedb09fbb4228caf3fa576b74bc0b": {
    "syntax_errors": [],
    "lexer_errors": [],
    "other_err": []
  },
  "cd3d68f960f2b7675371a3987f894a2f": {
    "syntax_errors": [],
    "lexer_errors": [],
    "other_err": []
  },
  "e44b4c849550a0da76b17f1cb758e6df": {
    "syntax_errors": [],
    "lexer_errors": [],
    "other_err": []
  },
  "ca7f9f308b17524c30488e4ad3da5df7": {
    "syntax_errors": [],
    "lexer_errors": [],
    "other_err": []
  },
  "66ea5d13aedcb5e6a2b5e15914d102f8": {
    "syntax_errors": [],
    "lexer_errors": [],
    "other_err": []
  },
  "9c4023d66a98e831354b9b6942e473e7": {
    "syntax_errors": [],
    "lexer_errors": [],
    "other_err": []
  },
  "1f008758750b6177fe85db106772ea0c": {
    "syntax_errors": [],
    "lexer_errors": [],
    "other_err": []
  },
  "8c6e0dcaf51e4e39bf632c8c17119f38": {
    "syntax_errors": [],
    "lexer_errors": [],
    "other_err": []
  },
  "963bc388671d744a671d20f6f4565cc6": {
    "syntax_errors": [],
    "lexer_errors": [],
    "other_err": []
  },
  "6de01b2ffd5fb44596cc9a8950b52a3d": {
    "syntax_errors": [],
    "lexer_errors": [],
    "other_err": []
  },
  "7fe8845efec4fea2c90bdad54bda27d1": {
    "syntax_errors": [],
    "lexer_errors": [],
    "other_err": []
  },
  "e68675a048e4e850ceee38b97264d72f": {
    "syntax_errors": [],
    "lexer_errors": [],
    "other_err": []
  },
  "63997a1582e24387e6499a4fb15b340e": {
    "syntax_errors": [],
    "lexer_errors": [],
    "other_err": []
  },
  "370075e92a577c9f6782e3b253bcbaae": {
    "syntax_errors": [],
    "lexer_errors": [
      "Fri Oct 30 2020 23:59:53 GMT+0000",
      "Fri Oct 30 2020 23:59:19 GMT+0000",
      "Fri Oct 30 2020 22:50:05 GMT+0000",
      "Fri Oct 30 2020 22:38:38 GMT+0000",
      "Fri Oct 30 2020 22:36:17 GMT+0000",
      "Fri Oct 30 2020 18:32:57 GMT+0000",
      "Fri Oct 30 2020 18:18:04 GMT+0000",
      "Fri Oct 30 2020 18:06:16 GMT+0000",
      "Fri Oct 30 2020 17:37:09 GMT+0000",
      "Fri Oct 30 2020 02:00:39 GMT+0000",
      "Fri Oct 30 2020 01:18:12 GMT+0000"
    ],
    "other_err": []
  },
  "4d6636c20bce244a15e4bba83f084f82": {
    "syntax_errors": [],
    "lexer_errors": [],
    "other_err": []
  },
  "2e8b67ff6ec42ca2a35065901de07638": {
    "syntax_errors": [],
    "lexer_errors": [],
    "other_err": []
  },
  "4bf74b57a469455ca352d3b147414c18": {
    "syntax_errors": [],
    "lexer_errors": [],
    "other_err": []
  },
  "d54baff9c3e9e5467505601b4b370289": {
    "syntax_errors": [],
    "lexer_errors": [],
    "other_err": []
  },
  "dad0ff1ef129748fdedf263b684855c5": {
    "syntax_errors": [],
    "lexer_errors": [],
    "other_err": []
  },
  "7fb3ba7b06312c6714f82ab7843d7c20": {
    "syntax_errors": [],
    "lexer_errors": [],
    "other_err": []
  },
  "e002860afcf5e71bde0effdeaa232e67": {
    "syntax_errors": [],
    "lexer_errors": [],
    "other_err": []
  },
  "f9e6bd86e370f22336829cf69d35963a": {
    "syntax_errors": [],
    "lexer_errors": [],
    "other_err": []
  }
}