id,timestamp,grade,event_key
82c2dc28f573be05cb14e902239c987a,Oct_25_2020_14:28:56.ml,0,compile
82c2dc28f573be05cb14e902239c987a,Oct_25_2020_14:45:52.ml,0,compile
82c2dc28f573be05cb14e902239c987a,Oct_25_2020_14:42:03.ml,0,compile
82c2dc28f573be05cb14e902239c987a,Oct_25_2020_14:45:28.ml,0,compile
82c2dc28f573be05cb14e902239c987a,Oct_25_2020_14:45:58.ml,0,compile
82c2dc28f573be05cb14e902239c987a,Oct_25_2020_14:42:17.ml,0,compile
288fa3c5f405447f75811bcd613ac385,Oct_30_2020_03:21:16.ml,0,compile
288fa3c5f405447f75811bcd613ac385,Oct_30_2020_03:47:48.ml,0,compile
288fa3c5f405447f75811bcd613ac385,Oct_30_2020_03:22:39.ml,0,compile
288fa3c5f405447f75811bcd613ac385,Oct_30_2020_03:19:28.ml,0,compile
288fa3c5f405447f75811bcd613ac385,Oct_30_2020_03:22:02.ml,0,compile
e44b4c849550a0da76b17f1cb758e6df,Oct_29_2020_11:10:44.ml,0,compile
6216de078faa53b915b7c3eb59a7b998,Oct_26_2020_10:27:02.ml,0,compile
6216de078faa53b915b7c3eb59a7b998,Oct_26_2020_09:45:59.ml,0,compile
6216de078faa53b915b7c3eb59a7b998,Oct_26_2020_10:27:37.ml,0,compile
6216de078faa53b915b7c3eb59a7b998,Oct_26_2020_11:22:14.ml,0,compile
6216de078faa53b915b7c3eb59a7b998,Oct_26_2020_11:27:07.ml,0,compile
6216de078faa53b915b7c3eb59a7b998,Oct_26_2020_09:43:53.ml,0,compile
6216de078faa53b915b7c3eb59a7b998,Oct_26_2020_11:21:49.ml,0,compile
6216de078faa53b915b7c3eb59a7b998,Oct_26_2020_11:27:15.ml,0,compile
6216de078faa53b915b7c3eb59a7b998,Oct_26_2020_09:43:22.ml,0,compile
6216de078faa53b915b7c3eb59a7b998,Oct_26_2020_10:12:35.ml,0,compile
6216de078faa53b915b7c3eb59a7b998,Oct_26_2020_09:43:06.ml,0,compile
6216de078faa53b915b7c3eb59a7b998,Oct_26_2020_10:27:25.ml,0,compile
6216de078faa53b915b7c3eb59a7b998,Oct_26_2020_11:27:47.ml,0,compile
2e8b67ff6ec42ca2a35065901de07638,Oct_28_2020_19:21:47.ml,0,compile
2e8b67ff6ec42ca2a35065901de07638,Oct_28_2020_19:55:07.ml,0,compile
2e8b67ff6ec42ca2a35065901de07638,Oct_28_2020_19:16:10.ml,0,compile
2e8b67ff6ec42ca2a35065901de07638,Oct_28_2020_19:20:59.ml,0,compile
2e8b67ff6ec42ca2a35065901de07638,Oct_28_2020_19:23:27.ml,0,compile
2e8b67ff6ec42ca2a35065901de07638,Oct_28_2020_20:33:13.ml,0,compile
2e8b67ff6ec42ca2a35065901de07638,Oct_28_2020_20:53:33.ml,0,compile
2e8b67ff6ec42ca2a35065901de07638,Oct_28_2020_20:53:02.ml,0,compile
2e8b67ff6ec42ca2a35065901de07638,Oct_28_2020_19:19:59.ml,0,compile
2e8b67ff6ec42ca2a35065901de07638,Oct_28_2020_19:20:08.ml,0,compile
dad0ff1ef129748fdedf263b684855c5,Oct_29_2020_18:06:28.ml,0,compile
dad0ff1ef129748fdedf263b684855c5,Oct_29_2020_18:05:37.ml,0,compile
dad0ff1ef129748fdedf263b684855c5,Oct_29_2020_18:00:19.ml,0,compile
dad0ff1ef129748fdedf263b684855c5,Oct_29_2020_18:01:28.ml,0,compile
dad0ff1ef129748fdedf263b684855c5,Oct_29_2020_18:08:44.ml,0,compile
dad0ff1ef129748fdedf263b684855c5,Oct_29_2020_17:47:05.ml,0,compile
dad0ff1ef129748fdedf263b684855c5,Oct_29_2020_18:01:50.ml,0,compile
dad0ff1ef129748fdedf263b684855c5,Oct_29_2020_18:09:15.ml,0,compile
dad0ff1ef129748fdedf263b684855c5,Oct_29_2020_18:09:56.ml,0,compile
dad0ff1ef129748fdedf263b684855c5,Oct_29_2020_18:10:33.ml,0,compile
dad0ff1ef129748fdedf263b684855c5,Oct_29_2020_18:02:48.ml,0,compile
dad0ff1ef129748fdedf263b684855c5,Oct_29_2020_18:15:48.ml,0,compile
dad0ff1ef129748fdedf263b684855c5,Oct_29_2020_18:05:44.ml,0,compile
dad0ff1ef129748fdedf263b684855c5,Oct_29_2020_18:07:02.ml,0,compile
dad0ff1ef129748fdedf263b684855c5,Oct_29_2020_18:14:17.ml,0,compile
dad0ff1ef129748fdedf263b684855c5,Oct_29_2020_18:07:07.ml,0,compile
dad0ff1ef129748fdedf263b684855c5,Oct_29_2020_18:14:36.ml,0,compile
dad0ff1ef129748fdedf263b684855c5,Oct_29_2020_17:50:09.ml,0,compile
61d5d7add8610b18a2806e299f4e9b9e,Oct_25_2020_12:10:22.ml,0,compile
61d5d7add8610b18a2806e299f4e9b9e,Oct_25_2020_12:06:31.ml,0,compile
61d5d7add8610b18a2806e299f4e9b9e,Oct_25_2020_12:05:09.ml,0,compile
61d5d7add8610b18a2806e299f4e9b9e,Oct_25_2020_12:09:04.ml,0,compile
61d5d7add8610b18a2806e299f4e9b9e,Oct_25_2020_12:10:51.ml,0,compile
61d5d7add8610b18a2806e299f4e9b9e,Oct_25_2020_12:03:57.ml,0,compile
61d5d7add8610b18a2806e299f4e9b9e,Oct_23_2020_19:37:19.ml,0,compile
61d5d7add8610b18a2806e299f4e9b9e,Oct_25_2020_12:10:28.ml,0,compile
61d5d7add8610b18a2806e299f4e9b9e,Oct_25_2020_12:04:15.ml,0,compile
61d5d7add8610b18a2806e299f4e9b9e,Oct_25_2020_12:06:13.ml,0,compile
61d5d7add8610b18a2806e299f4e9b9e,Oct_25_2020_12:09:00.ml,0,compile
61d5d7add8610b18a2806e299f4e9b9e,Oct_25_2020_12:06:27.ml,0,compile
61d5d7add8610b18a2806e299f4e9b9e,Oct_25_2020_12:07:02.ml,0,compile
61d5d7add8610b18a2806e299f4e9b9e,Oct_25_2020_12:09:54.ml,0,compile
4f77ac213cf0ae0db5b72807a24c91d2,Oct_24_2020_01:09:49.ml,0,compile
4f77ac213cf0ae0db5b72807a24c91d2,Oct_24_2020_01:13:00.ml,0,compile
76dcfda84c0890ca135f54d51a2d27e0,Oct_29_2020_22:40:17.ml,0,compile
76dcfda84c0890ca135f54d51a2d27e0,Oct_29_2020_22:41:41.ml,0,compile
76dcfda84c0890ca135f54d51a2d27e0,Oct_30_2020_00:44:23.ml,0,compile
2779eda968d3d2377e7f5d07f0471c77,Oct_30_2020_01:55:44.ml,0,compile
2779eda968d3d2377e7f5d07f0471c77,Oct_30_2020_01:56:48.ml,0,compile
2779eda968d3d2377e7f5d07f0471c77,Oct_30_2020_02:00:12.ml,0,compile
2779eda968d3d2377e7f5d07f0471c77,Oct_30_2020_02:00:23.ml,0,compile
e6460429183ed570ffade8f926256e4e,Oct_26_2020_01:21:50.ml,0,compile
e6460429183ed570ffade8f926256e4e,Oct_28_2020_22:34:56.ml,0,compile
e6460429183ed570ffade8f926256e4e,Oct_26_2020_01:29:03.ml,0,compile
e6460429183ed570ffade8f926256e4e,Oct_28_2020_22:37:43.ml,0,compile
e6460429183ed570ffade8f926256e4e,Oct_28_2020_22:53:34.ml,0,compile
e6460429183ed570ffade8f926256e4e,Oct_28_2020_22:39:51.ml,0,compile
e6460429183ed570ffade8f926256e4e,Oct_28_2020_22:34:51.ml,0,compile
e6460429183ed570ffade8f926256e4e,Oct_28_2020_22:23:11.ml,0,compile
e6460429183ed570ffade8f926256e4e,Oct_28_2020_22:53:03.ml,0,compile
e6460429183ed570ffade8f926256e4e,Oct_28_2020_22:33:09.ml,0,compile
e6460429183ed570ffade8f926256e4e,Oct_28_2020_22:35:44.ml,0,compile
e6460429183ed570ffade8f926256e4e,Oct_26_2020_01:31:32.ml,0,compile
e6460429183ed570ffade8f926256e4e,Oct_26_2020_01:40:30.ml,0,compile
099d65e14969b8d72fc08b5e16d6a37d,Oct_29_2020_18:52:44.ml,0,compile
099d65e14969b8d72fc08b5e16d6a37d,Oct_29_2020_18:50:56.ml,0,compile
099d65e14969b8d72fc08b5e16d6a37d,Oct_29_2020_18:53:15.ml,0,compile
099d65e14969b8d72fc08b5e16d6a37d,Oct_29_2020_10:36:00.ml,0,compile
099d65e14969b8d72fc08b5e16d6a37d,Oct_29_2020_10:42:30.ml,0,compile
099d65e14969b8d72fc08b5e16d6a37d,Oct_29_2020_18:51:28.ml,0,compile
099d65e14969b8d72fc08b5e16d6a37d,Oct_29_2020_10:36:19.ml,0,compile
099d65e14969b8d72fc08b5e16d6a37d,Oct_29_2020_18:55:03.ml,0,compile
099d65e14969b8d72fc08b5e16d6a37d,Oct_29_2020_18:54:40.ml,0,compile
099d65e14969b8d72fc08b5e16d6a37d,Oct_29_2020_18:57:10.ml,0,compile
099d65e14969b8d72fc08b5e16d6a37d,Oct_29_2020_18:50:04.ml,0,compile
099d65e14969b8d72fc08b5e16d6a37d,Oct_29_2020_19:01:05.ml,0,compile
099d65e14969b8d72fc08b5e16d6a37d,Oct_29_2020_19:03:50.ml,0,compile
099d65e14969b8d72fc08b5e16d6a37d,Oct_29_2020_10:36:15.ml,0,compile
099d65e14969b8d72fc08b5e16d6a37d,Oct_29_2020_10:42:37.ml,0,compile
4d6636c20bce244a15e4bba83f084f82,Oct_29_2020_12:13:24.ml,0,compile
4d6636c20bce244a15e4bba83f084f82,Oct_29_2020_12:19:03.ml,0,compile
4d6636c20bce244a15e4bba83f084f82,Oct_29_2020_12:18:58.ml,0,compile
4d6636c20bce244a15e4bba83f084f82,Oct_29_2020_12:14:04.ml,0,compile
4d6636c20bce244a15e4bba83f084f82,Oct_29_2020_12:15:53.ml,0,compile
4d6636c20bce244a15e4bba83f084f82,Oct_29_2020_12:20:37.ml,0,compile
4d6636c20bce244a15e4bba83f084f82,Oct_29_2020_12:22:57.ml,0,compile
4d6636c20bce244a15e4bba83f084f82,Oct_29_2020_12:20:06.ml,0,compile
4d6636c20bce244a15e4bba83f084f82,Oct_29_2020_12:17:38.ml,0,compile
4d6636c20bce244a15e4bba83f084f82,Oct_29_2020_12:11:31.ml,0,compile
4d6636c20bce244a15e4bba83f084f82,Oct_29_2020_12:20:11.ml,0,compile
051f03c3bd17ec0ade15d0e4d15770c3,Oct_23_2020_17:57:24.ml,0,compile
051f03c3bd17ec0ade15d0e4d15770c3,Oct_23_2020_18:33:00.ml,0,compile
a2eb88d37ac1790a9749b7799df911aa,Oct_25_2020_00:17:48.ml,0,compile
a2eb88d37ac1790a9749b7799df911aa,Oct_24_2020_22:39:14.ml,0,compile
a2eb88d37ac1790a9749b7799df911aa,Oct_24_2020_21:25:00.ml,0,compile
a2eb88d37ac1790a9749b7799df911aa,Oct_24_2020_21:27:30.ml,0,compile
a2eb88d37ac1790a9749b7799df911aa,Oct_24_2020_22:39:45.ml,0,compile
a2eb88d37ac1790a9749b7799df911aa,Oct_24_2020_21:28:17.ml,0,compile
a2eb88d37ac1790a9749b7799df911aa,Oct_24_2020_21:22:47.ml,0,compile
a2eb88d37ac1790a9749b7799df911aa,Oct_24_2020_21:21:43.ml,0,compile
a2eb88d37ac1790a9749b7799df911aa,Oct_24_2020_22:41:17.ml,0,compile
a2eb88d37ac1790a9749b7799df911aa,Oct_24_2020_21:26:01.ml,0,compile
a2eb88d37ac1790a9749b7799df911aa,Oct_24_2020_21:29:31.ml,0,compile
618781e4466083635865f8da493bd26e,Oct_29_2020_13:32:39.ml,0,compile
618781e4466083635865f8da493bd26e,Oct_29_2020_13:31:59.ml,0,compile
a73d8376b084d8b62c3c20ebafa37973,Oct_27_2020_14:15:16.ml,0,compile
a73d8376b084d8b62c3c20ebafa37973,Oct_27_2020_14:13:15.ml,0,compile
a73d8376b084d8b62c3c20ebafa37973,Oct_27_2020_14:12:56.ml,0,compile
a73d8376b084d8b62c3c20ebafa37973,Oct_27_2020_15:54:04.ml,0,compile
a73d8376b084d8b62c3c20ebafa37973,Oct_27_2020_15:53:40.ml,0,compile
a73d8376b084d8b62c3c20ebafa37973,Oct_27_2020_15:45:27.ml,0,compile
a73d8376b084d8b62c3c20ebafa37973,Oct_27_2020_14:05:37.ml,0,compile
a73d8376b084d8b62c3c20ebafa37973,Oct_27_2020_15:45:55.ml,0,compile
a73d8376b084d8b62c3c20ebafa37973,Oct_27_2020_14:05:17.ml,0,compile
c077a81dc8f73ea707aefbcf20856af4,Oct_28_2020_14:27:42.ml,0,compile
c077a81dc8f73ea707aefbcf20856af4,Oct_28_2020_14:30:31.ml,0,compile
c077a81dc8f73ea707aefbcf20856af4,Oct_28_2020_14:28:03.ml,0,compile
c077a81dc8f73ea707aefbcf20856af4,Oct_28_2020_14:25:50.ml,0,compile
c077a81dc8f73ea707aefbcf20856af4,Oct_28_2020_14:27:57.ml,0,compile
c077a81dc8f73ea707aefbcf20856af4,Oct_28_2020_14:23:14.ml,0,compile
c077a81dc8f73ea707aefbcf20856af4,Oct_28_2020_14:26:36.ml,0,compile
c077a81dc8f73ea707aefbcf20856af4,Oct_28_2020_14:28:33.ml,0,compile
c077a81dc8f73ea707aefbcf20856af4,Oct_28_2020_14:33:17.ml,0,compile
c077a81dc8f73ea707aefbcf20856af4,Oct_28_2020_14:31:00.ml,0,compile
edf026518982b2920e08c411518d28c4,Oct_27_2020_15:35:08.ml,0,compile
edf026518982b2920e08c411518d28c4,Oct_27_2020_09:01:20.ml,0,compile
edf026518982b2920e08c411518d28c4,Oct_27_2020_09:00:33.ml,0,compile
edf026518982b2920e08c411518d28c4,Oct_27_2020_15:33:58.ml,0,compile
edf026518982b2920e08c411518d28c4,Oct_27_2020_09:00:36.ml,0,compile
edf026518982b2920e08c411518d28c4,Oct_27_2020_15:35:17.ml,0,compile
edf026518982b2920e08c411518d28c4,Oct_27_2020_15:35:23.ml,0,compile
edf026518982b2920e08c411518d28c4,Oct_27_2020_15:37:11.ml,0,compile
edf026518982b2920e08c411518d28c4,Oct_27_2020_09:00:46.ml,0,compile
edf026518982b2920e08c411518d28c4,Oct_27_2020_15:37:37.ml,0,compile
edf026518982b2920e08c411518d28c4,Oct_27_2020_15:36:18.ml,0,compile
edf026518982b2920e08c411518d28c4,Oct_27_2020_09:00:07.ml,0,compile
cd3d68f960f2b7675371a3987f894a2f,Oct_28_2020_01:19:14.ml,0,compile
cd3d68f960f2b7675371a3987f894a2f,Oct_28_2020_01:21:05.ml,0,compile
cd3d68f960f2b7675371a3987f894a2f,Oct_28_2020_01:31:24.ml,0,compile
cd3d68f960f2b7675371a3987f894a2f,Oct_28_2020_01:23:09.ml,0,compile
cd3d68f960f2b7675371a3987f894a2f,Oct_28_2020_01:30:37.ml,0,compile
cd3d68f960f2b7675371a3987f894a2f,Oct_28_2020_01:29:17.ml,0,compile
cd3d68f960f2b7675371a3987f894a2f,Oct_28_2020_01:23:17.ml,0,compile
cd3d68f960f2b7675371a3987f894a2f,Oct_28_2020_01:29:56.ml,0,compile
cd3d68f960f2b7675371a3987f894a2f,Oct_28_2020_01:26:13.ml,0,compile
cd3d68f960f2b7675371a3987f894a2f,Oct_28_2020_01:32:21.ml,0,compile
cd3d68f960f2b7675371a3987f894a2f,Oct_28_2020_01:33:09.ml,0,compile
cd3d68f960f2b7675371a3987f894a2f,Oct_28_2020_01:18:45.ml,0,compile
cd3d68f960f2b7675371a3987f894a2f,Oct_28_2020_01:20:37.ml,0,compile
7fb3ba7b06312c6714f82ab7843d7c20,Oct_29_2020_11:43:31.ml,0,compile
7fb3ba7b06312c6714f82ab7843d7c20,Oct_29_2020_11:04:01.ml,0,compile
7fb3ba7b06312c6714f82ab7843d7c20,Oct_29_2020_11:30:05.ml,0,compile
7fb3ba7b06312c6714f82ab7843d7c20,Oct_29_2020_11:41:14.ml,0,compile
7fb3ba7b06312c6714f82ab7843d7c20,Oct_29_2020_11:42:02.ml,0,compile
7fb3ba7b06312c6714f82ab7843d7c20,Oct_29_2020_11:37:44.ml,0,compile
7fb3ba7b06312c6714f82ab7843d7c20,Oct_29_2020_11:49:27.ml,0,compile
7fb3ba7b06312c6714f82ab7843d7c20,Oct_29_2020_11:49:35.ml,0,compile
7fb3ba7b06312c6714f82ab7843d7c20,Oct_29_2020_12:08:31.ml,0,compile
7fb3ba7b06312c6714f82ab7843d7c20,Oct_29_2020_11:38:31.ml,0,compile
7fb3ba7b06312c6714f82ab7843d7c20,Oct_29_2020_12:09:31.ml,0,compile
2fdc24731ff44c673ea9139769df29c4,Oct_27_2020_00:00:18.ml,0,compile
2fdc24731ff44c673ea9139769df29c4,Oct_26_2020_23:25:10.ml,0,compile
2fdc24731ff44c673ea9139769df29c4,Oct_26_2020_23:20:36.ml,0,compile
2fdc24731ff44c673ea9139769df29c4,Oct_26_2020_23:20:59.ml,0,compile
2fdc24731ff44c673ea9139769df29c4,Oct_26_2020_23:18:05.ml,0,compile
2fdc24731ff44c673ea9139769df29c4,Oct_26_2020_23:23:21.ml,0,compile
2fdc24731ff44c673ea9139769df29c4,Oct_26_2020_23:59:32.ml,0,compile
2fdc24731ff44c673ea9139769df29c4,Oct_27_2020_00:11:14.ml,0,compile
2fdc24731ff44c673ea9139769df29c4,Oct_26_2020_23:01:01.ml,0,compile
2fdc24731ff44c673ea9139769df29c4,Oct_27_2020_00:07:21.ml,0,compile
2fdc24731ff44c673ea9139769df29c4,Oct_27_2020_00:10:35.ml,0,compile
2fdc24731ff44c673ea9139769df29c4,Oct_27_2020_00:06:56.ml,0,compile
2fdc24731ff44c673ea9139769df29c4,Oct_26_2020_23:17:06.ml,0,compile
2fdc24731ff44c673ea9139769df29c4,Oct_26_2020_23:22:36.ml,0,compile
2fdc24731ff44c673ea9139769df29c4,Oct_27_2020_00:07:50.ml,0,compile
2fdc24731ff44c673ea9139769df29c4,Oct_27_2020_00:07:31.ml,0,compile
2fdc24731ff44c673ea9139769df29c4,Oct_30_2020_20:15:50.ml,0,compile
2fdc24731ff44c673ea9139769df29c4,Oct_26_2020_23:58:10.ml,0,compile
2fdc24731ff44c673ea9139769df29c4,Oct_27_2020_00:08:01.ml,0,compile
2fdc24731ff44c673ea9139769df29c4,Oct_26_2020_23:20:37.ml,0,compile
2fdc24731ff44c673ea9139769df29c4,Oct_26_2020_23:55:34.ml,0,compile
2dc118fe809a96a285547b0ef396e0a2,Oct_30_2020_03:53:15.ml,0,compile
2dc118fe809a96a285547b0ef396e0a2,Oct_30_2020_04:01:03.ml,0,compile
2dc118fe809a96a285547b0ef396e0a2,Oct_30_2020_04:23:49.ml,0,compile
2dc118fe809a96a285547b0ef396e0a2,Oct_30_2020_04:24:35.ml,0,compile
2dc118fe809a96a285547b0ef396e0a2,Oct_30_2020_04:01:40.ml,0,compile
2dc118fe809a96a285547b0ef396e0a2,Oct_30_2020_04:23:05.ml,0,compile
2dc118fe809a96a285547b0ef396e0a2,Oct_30_2020_04:05:09.ml,0,compile
2dc118fe809a96a285547b0ef396e0a2,Oct_30_2020_03:54:06.ml,0,compile
2dc118fe809a96a285547b0ef396e0a2,Oct_30_2020_03:53:30.ml,0,compile
2dc118fe809a96a285547b0ef396e0a2,Oct_30_2020_04:05:17.ml,0,compile
2dc118fe809a96a285547b0ef396e0a2,Oct_30_2020_04:26:34.ml,0,compile
2dc118fe809a96a285547b0ef396e0a2,Oct_30_2020_04:00:13.ml,0,compile
2dc118fe809a96a285547b0ef396e0a2,Oct_30_2020_04:25:05.ml,0,compile
2dc118fe809a96a285547b0ef396e0a2,Oct_30_2020_03:59:35.ml,0,compile
2dc118fe809a96a285547b0ef396e0a2,Oct_30_2020_03:52:53.ml,0,compile
2dc118fe809a96a285547b0ef396e0a2,Oct_30_2020_04:25:40.ml,0,compile
2dc118fe809a96a285547b0ef396e0a2,Oct_30_2020_03:59:26.ml,0,compile
2dc118fe809a96a285547b0ef396e0a2,Oct_30_2020_04:26:36.ml,0,compile
2dc118fe809a96a285547b0ef396e0a2,Oct_30_2020_03:53:49.ml,0,compile
2dc118fe809a96a285547b0ef396e0a2,Oct_30_2020_04:08:10.ml,0,compile
2dc118fe809a96a285547b0ef396e0a2,Oct_30_2020_04:03:04.ml,0,compile
871f749d3430e6336599099df5eba5c7,Oct_27_2020_20:22:29.ml,0,compile
871f749d3430e6336599099df5eba5c7,Oct_27_2020_20:13:53.ml,0,compile
871f749d3430e6336599099df5eba5c7,Oct_27_2020_20:13:35.ml,0,compile
871f749d3430e6336599099df5eba5c7,Oct_27_2020_20:15:02.ml,0,compile
871f749d3430e6336599099df5eba5c7,Oct_27_2020_20:17:13.ml,0,compile
871f749d3430e6336599099df5eba5c7,Oct_27_2020_20:12:57.ml,0,compile
871f749d3430e6336599099df5eba5c7,Oct_27_2020_20:21:19.ml,0,compile
871f749d3430e6336599099df5eba5c7,Oct_27_2020_20:32:58.ml,0,compile
1ab708a6f017a78a5bdce6722e9c09fd,Oct_30_2020_16:46:15.ml,0,compile
1ab708a6f017a78a5bdce6722e9c09fd,Oct_30_2020_16:49:12.ml,0,compile
1ab708a6f017a78a5bdce6722e9c09fd,Oct_30_2020_17:10:39.ml,0,compile
63997a1582e24387e6499a4fb15b340e,Oct_29_2020_13:49:17.ml,0,compile
23f6de345d87086fa712ac5775487cca,Oct_28_2020_18:35:29.ml,0,compile
eb6cd64e9137c4406b016b7d3f330e5a,Oct_24_2020_22:52:28.ml,0,compile
eb6cd64e9137c4406b016b7d3f330e5a,Oct_24_2020_22:56:50.ml,0,compile
eb6cd64e9137c4406b016b7d3f330e5a,Oct_24_2020_22:53:44.ml,0,compile
9c4023d66a98e831354b9b6942e473e7,Oct_24_2020_21:49:49.ml,0,compile
9c4023d66a98e831354b9b6942e473e7,Oct_24_2020_21:51:40.ml,0,compile
9c4023d66a98e831354b9b6942e473e7,Oct_24_2020_21:50:43.ml,0,compile
9c4023d66a98e831354b9b6942e473e7,Oct_24_2020_21:56:23.ml,0,compile
9c4023d66a98e831354b9b6942e473e7,Oct_24_2020_21:48:28.ml,0,compile
9c4023d66a98e831354b9b6942e473e7,Oct_24_2020_21:56:29.ml,0,compile
66ea5d13aedcb5e6a2b5e15914d102f8,Oct_24_2020_20:23:12.ml,0,compile
66ea5d13aedcb5e6a2b5e15914d102f8,Oct_24_2020_20:24:44.ml,0,compile
5101a7e8f9f62819280dbf4b0123ab04,Oct_26_2020_04:51:05.ml,0,compile
5101a7e8f9f62819280dbf4b0123ab04,Oct_26_2020_04:51:18.ml,0,compile
5101a7e8f9f62819280dbf4b0123ab04,Oct_26_2020_04:53:31.ml,0,compile
279762f7565d1285e0463e44de7347c1,Oct_25_2020_15:28:33.ml,0,compile
279762f7565d1285e0463e44de7347c1,Oct_25_2020_15:28:57.ml,0,compile
bb82eeafa80bd4a30c4f4bb10296098d,Oct_27_2020_11:49:12.ml,0,compile
bb82eeafa80bd4a30c4f4bb10296098d,Oct_27_2020_11:50:06.ml,0,compile
bb82eeafa80bd4a30c4f4bb10296098d,Oct_28_2020_13:14:49.ml,0,compile
bb82eeafa80bd4a30c4f4bb10296098d,Oct_27_2020_11:33:16.ml,0,compile
bb82eeafa80bd4a30c4f4bb10296098d,Oct_27_2020_11:33:32.ml,0,compile
bb82eeafa80bd4a30c4f4bb10296098d,Oct_27_2020_11:50:16.ml,0,compile
bb82eeafa80bd4a30c4f4bb10296098d,Oct_28_2020_13:01:40.ml,0,compile
bb82eeafa80bd4a30c4f4bb10296098d,Oct_27_2020_11:46:08.ml,0,compile
bb82eeafa80bd4a30c4f4bb10296098d,Oct_27_2020_11:47:58.ml,0,compile
bb82eeafa80bd4a30c4f4bb10296098d,Oct_27_2020_12:57:42.ml,0,compile
bb82eeafa80bd4a30c4f4bb10296098d,Oct_27_2020_11:47:50.ml,0,compile
bb82eeafa80bd4a30c4f4bb10296098d,Oct_27_2020_11:51:20.ml,0,compile
bb82eeafa80bd4a30c4f4bb10296098d,Oct_27_2020_11:45:59.ml,0,compile
bb82eeafa80bd4a30c4f4bb10296098d,Oct_27_2020_11:51:30.ml,0,compile
bb82eeafa80bd4a30c4f4bb10296098d,Oct_27_2020_11:53:11.ml,0,compile
bb82eeafa80bd4a30c4f4bb10296098d,Oct_27_2020_11:47:06.ml,0,compile
bb82eeafa80bd4a30c4f4bb10296098d,Oct_27_2020_11:50:54.ml,0,compile
bb82eeafa80bd4a30c4f4bb10296098d,Oct_28_2020_12:58:04.ml,0,compile
bb82eeafa80bd4a30c4f4bb10296098d,Oct_27_2020_11:26:27.ml,0,compile
bb82eeafa80bd4a30c4f4bb10296098d,Oct_27_2020_11:42:46.ml,0,compile
bb82eeafa80bd4a30c4f4bb10296098d,Oct_27_2020_11:48:44.ml,0,compile
bb82eeafa80bd4a30c4f4bb10296098d,Oct_27_2020_11:49:01.ml,0,compile
bb82eeafa80bd4a30c4f4bb10296098d,Oct_27_2020_11:47:13.ml,0,compile
9752899a0b63709905d8eb59932740f6,Oct_29_2020_20:51:45.ml,0,compile
9752899a0b63709905d8eb59932740f6,Oct_29_2020_20:49:41.ml,0,compile
9752899a0b63709905d8eb59932740f6,Oct_29_2020_20:51:59.ml,0,compile
9752899a0b63709905d8eb59932740f6,Oct_29_2020_20:50:54.ml,0,compile
9752899a0b63709905d8eb59932740f6,Oct_29_2020_20:50:30.ml,0,compile
9752899a0b63709905d8eb59932740f6,Oct_29_2020_20:46:26.ml,0,compile
9752899a0b63709905d8eb59932740f6,Oct_29_2020_20:46:31.ml,0,compile
9752899a0b63709905d8eb59932740f6,Oct_29_2020_20:49:28.ml,0,compile
9752899a0b63709905d8eb59932740f6,Oct_29_2020_20:49:05.ml,0,compile
9752899a0b63709905d8eb59932740f6,Oct_29_2020_20:50:59.ml,0,compile
9752899a0b63709905d8eb59932740f6,Oct_29_2020_20:50:04.ml,0,compile
9752899a0b63709905d8eb59932740f6,Oct_29_2020_20:46:57.ml,0,compile
9752899a0b63709905d8eb59932740f6,Oct_29_2020_20:52:36.ml,0,compile
9752899a0b63709905d8eb59932740f6,Oct_29_2020_20:52:15.ml,0,compile
d64b5e45ea7bd846bbdf925b681b2092,Oct_29_2020_16:32:01.ml,0,compile
d64b5e45ea7bd846bbdf925b681b2092,Oct_29_2020_16:34:26.ml,0,compile
d64b5e45ea7bd846bbdf925b681b2092,Oct_29_2020_00:29:34.ml,0,compile
d64b5e45ea7bd846bbdf925b681b2092,Oct_29_2020_16:32:28.ml,0,compile
e77f18127bd824ad8646d14c1f5b7b55,Oct_26_2020_00:05:39.ml,0,compile
e77f18127bd824ad8646d14c1f5b7b55,Oct_26_2020_00:05:52.ml,0,compile
0b561330e6538dd7d8d3b1d2ae3508c2,Oct_24_2020_19:23:53.ml,0,compile
0b561330e6538dd7d8d3b1d2ae3508c2,Oct_24_2020_19:32:09.ml,0,compile
0b561330e6538dd7d8d3b1d2ae3508c2,Oct_24_2020_20:00:31.ml,0,compile
0b561330e6538dd7d8d3b1d2ae3508c2,Oct_24_2020_19:43:08.ml,0,compile
0b561330e6538dd7d8d3b1d2ae3508c2,Oct_24_2020_19:49:23.ml,0,compile
0b561330e6538dd7d8d3b1d2ae3508c2,Oct_24_2020_19:34:52.ml,0,compile
0b561330e6538dd7d8d3b1d2ae3508c2,Oct_24_2020_19:54:18.ml,0,compile
0b561330e6538dd7d8d3b1d2ae3508c2,Oct_24_2020_19:55:42.ml,0,compile
0b561330e6538dd7d8d3b1d2ae3508c2,Oct_24_2020_19:32:16.ml,0,compile
0b561330e6538dd7d8d3b1d2ae3508c2,Oct_24_2020_19:47:18.ml,0,compile
0b561330e6538dd7d8d3b1d2ae3508c2,Oct_24_2020_19:36:08.ml,0,compile
0b561330e6538dd7d8d3b1d2ae3508c2,Oct_24_2020_19:46:34.ml,0,compile
0b561330e6538dd7d8d3b1d2ae3508c2,Oct_24_2020_19:46:45.ml,0,compile
0b561330e6538dd7d8d3b1d2ae3508c2,Oct_24_2020_19:51:04.ml,0,compile
0b561330e6538dd7d8d3b1d2ae3508c2,Oct_24_2020_19:27:24.ml,0,compile
0b561330e6538dd7d8d3b1d2ae3508c2,Oct_24_2020_19:37:22.ml,0,compile
0b561330e6538dd7d8d3b1d2ae3508c2,Oct_24_2020_19:45:55.ml,0,compile
0b561330e6538dd7d8d3b1d2ae3508c2,Oct_24_2020_19:50:35.ml,0,compile
0b561330e6538dd7d8d3b1d2ae3508c2,Oct_24_2020_19:30:48.ml,0,compile
0b561330e6538dd7d8d3b1d2ae3508c2,Oct_24_2020_19:47:57.ml,0,compile
0b561330e6538dd7d8d3b1d2ae3508c2,Oct_24_2020_19:50:46.ml,0,compile
0b561330e6538dd7d8d3b1d2ae3508c2,Oct_24_2020_19:24:01.ml,0,compile
0b561330e6538dd7d8d3b1d2ae3508c2,Oct_24_2020_19:17:41.ml,0,compile
0b561330e6538dd7d8d3b1d2ae3508c2,Oct_24_2020_19:54:55.ml,0,compile
0b561330e6538dd7d8d3b1d2ae3508c2,Oct_24_2020_19:34:55.ml,0,compile
0b561330e6538dd7d8d3b1d2ae3508c2,Oct_24_2020_19:44:45.ml,0,compile
0b561330e6538dd7d8d3b1d2ae3508c2,Oct_24_2020_19:29:47.ml,0,compile
0b561330e6538dd7d8d3b1d2ae3508c2,Oct_24_2020_19:17:30.ml,0,compile
0b561330e6538dd7d8d3b1d2ae3508c2,Oct_24_2020_19:50:09.ml,0,compile
0b561330e6538dd7d8d3b1d2ae3508c2,Oct_24_2020_19:53:10.ml,0,compile
0b561330e6538dd7d8d3b1d2ae3508c2,Oct_24_2020_19:27:46.ml,0,compile
0b561330e6538dd7d8d3b1d2ae3508c2,Oct_24_2020_19:45:38.ml,0,compile
0b561330e6538dd7d8d3b1d2ae3508c2,Oct_24_2020_19:34:35.ml,0,compile
0b561330e6538dd7d8d3b1d2ae3508c2,Oct_24_2020_20:00:37.ml,0,compile
5fb6a863ec51e70db20047ddb3bf1398,Oct_24_2020_12:26:30.ml,0,compile
5fb6a863ec51e70db20047ddb3bf1398,Oct_24_2020_12:12:42.ml,0,compile
5fb6a863ec51e70db20047ddb3bf1398,Oct_24_2020_12:13:16.ml,0,compile
5fb6a863ec51e70db20047ddb3bf1398,Oct_24_2020_12:13:24.ml,0,compile
5fb6a863ec51e70db20047ddb3bf1398,Oct_24_2020_12:16:52.ml,0,compile
5fb6a863ec51e70db20047ddb3bf1398,Oct_24_2020_12:28:14.ml,0,compile
5fb6a863ec51e70db20047ddb3bf1398,Oct_24_2020_12:24:05.ml,0,compile
5fb6a863ec51e70db20047ddb3bf1398,Oct_24_2020_12:24:09.ml,0,compile
5fb6a863ec51e70db20047ddb3bf1398,Oct_24_2020_12:26:20.ml,0,compile
9fb2a26c1b8b91ace60413a70e94df55,Oct_29_2020_15:56:47.ml,0,compile
9fb2a26c1b8b91ace60413a70e94df55,Oct_29_2020_15:55:56.ml,0,compile
9fb2a26c1b8b91ace60413a70e94df55,Oct_29_2020_15:38:50.ml,0,compile
9fb2a26c1b8b91ace60413a70e94df55,Oct_29_2020_16:19:41.ml,0,compile
9fb2a26c1b8b91ace60413a70e94df55,Oct_29_2020_16:19:10.ml,0,compile
9fb2a26c1b8b91ace60413a70e94df55,Oct_29_2020_16:19:05.ml,0,compile
9fb2a26c1b8b91ace60413a70e94df55,Oct_29_2020_16:19:16.ml,0,compile
9fb2a26c1b8b91ace60413a70e94df55,Oct_29_2020_15:55:02.ml,0,compile
9fb2a26c1b8b91ace60413a70e94df55,Oct_29_2020_15:54:36.ml,0,compile
9fb2a26c1b8b91ace60413a70e94df55,Oct_29_2020_15:56:59.ml,0,compile
3ef3283f8bf8c75ce823f0d294b08691,Oct_24_2020_18:42:52.ml,0,compile
3ef3283f8bf8c75ce823f0d294b08691,Oct_24_2020_18:44:45.ml,0,compile
3ef3283f8bf8c75ce823f0d294b08691,Oct_24_2020_18:43:50.ml,0,compile
4bf74b57a469455ca352d3b147414c18,Oct_24_2020_15:22:04.ml,0,compile
4bf74b57a469455ca352d3b147414c18,Oct_24_2020_15:24:55.ml,0,compile
4bf74b57a469455ca352d3b147414c18,Oct_24_2020_15:29:20.ml,0,compile
4bf74b57a469455ca352d3b147414c18,Oct_24_2020_15:21:57.ml,0,compile
bd477a95c707ee5cd0cf12efcfa0529b,Oct_29_2020_22:54:58.ml,0,compile
7fe8845efec4fea2c90bdad54bda27d1,Oct_29_2020_13:54:31.ml,0,compile
7fe8845efec4fea2c90bdad54bda27d1,Oct_29_2020_13:51:20.ml,0,compile
7fe8845efec4fea2c90bdad54bda27d1,Oct_29_2020_13:51:43.ml,0,compile
7fe8845efec4fea2c90bdad54bda27d1,Oct_29_2020_13:32:28.ml,0,compile
7fe8845efec4fea2c90bdad54bda27d1,Oct_29_2020_14:11:59.ml,0,compile
7fe8845efec4fea2c90bdad54bda27d1,Oct_29_2020_13:52:31.ml,0,compile
7fe8845efec4fea2c90bdad54bda27d1,Oct_29_2020_14:09:33.ml,0,compile
7fe8845efec4fea2c90bdad54bda27d1,Oct_29_2020_14:10:58.ml,0,compile
7fe8845efec4fea2c90bdad54bda27d1,Oct_29_2020_13:36:05.ml,0,compile
7fe8845efec4fea2c90bdad54bda27d1,Oct_29_2020_13:36:20.ml,0,compile
7fe8845efec4fea2c90bdad54bda27d1,Oct_29_2020_13:35:39.ml,0,compile
7fe8845efec4fea2c90bdad54bda27d1,Oct_29_2020_13:38:54.ml,0,compile
7fe8845efec4fea2c90bdad54bda27d1,Oct_29_2020_13:41:43.ml,0,compile
7fe8845efec4fea2c90bdad54bda27d1,Oct_29_2020_13:39:13.ml,0,compile
7fe8845efec4fea2c90bdad54bda27d1,Oct_29_2020_14:09:10.ml,0,compile
7fe8845efec4fea2c90bdad54bda27d1,Oct_29_2020_14:07:14.ml,0,compile
7fe8845efec4fea2c90bdad54bda27d1,Oct_29_2020_14:08:57.ml,0,compile
7fe8845efec4fea2c90bdad54bda27d1,Oct_29_2020_13:40:21.ml,0,compile
7fe8845efec4fea2c90bdad54bda27d1,Oct_29_2020_14:10:48.ml,0,compile
7fe8845efec4fea2c90bdad54bda27d1,Oct_29_2020_14:10:43.ml,0,compile
7fe8845efec4fea2c90bdad54bda27d1,Oct_29_2020_13:33:16.ml,0,compile
7fe8845efec4fea2c90bdad54bda27d1,Oct_29_2020_13:49:25.ml,0,compile
7fe8845efec4fea2c90bdad54bda27d1,Oct_29_2020_13:48:20.ml,0,compile
7fe8845efec4fea2c90bdad54bda27d1,Oct_29_2020_13:36:46.ml,0,compile
7fe8845efec4fea2c90bdad54bda27d1,Oct_29_2020_13:51:33.ml,0,compile
7fe8845efec4fea2c90bdad54bda27d1,Oct_29_2020_14:10:22.ml,0,compile
7fe8845efec4fea2c90bdad54bda27d1,Oct_29_2020_13:52:01.ml,0,compile
7fe8845efec4fea2c90bdad54bda27d1,Oct_29_2020_13:34:36.ml,0,compile
7fe8845efec4fea2c90bdad54bda27d1,Oct_29_2020_14:11:54.ml,0,compile
7fe8845efec4fea2c90bdad54bda27d1,Oct_29_2020_14:14:13.ml,0,compile
7fe8845efec4fea2c90bdad54bda27d1,Oct_29_2020_14:07:31.ml,0,compile
f9e6bd86e370f22336829cf69d35963a,Oct_27_2020_11:21:23.ml,0,compile
3647b6fd9957fc2af3a3ce46e01e4199,Oct_27_2020_15:42:10.ml,0,compile
3647b6fd9957fc2af3a3ce46e01e4199,Oct_27_2020_15:41:12.ml,0,compile
3647b6fd9957fc2af3a3ce46e01e4199,Oct_27_2020_15:30:03.ml,0,compile
3647b6fd9957fc2af3a3ce46e01e4199,Oct_27_2020_15:36:49.ml,0,compile
3647b6fd9957fc2af3a3ce46e01e4199,Oct_27_2020_15:40:05.ml,0,compile
3647b6fd9957fc2af3a3ce46e01e4199,Oct_27_2020_15:35:31.ml,0,compile
3647b6fd9957fc2af3a3ce46e01e4199,Oct_27_2020_15:41:39.ml,0,compile
3647b6fd9957fc2af3a3ce46e01e4199,Oct_27_2020_15:39:21.ml,0,compile
3647b6fd9957fc2af3a3ce46e01e4199,Oct_27_2020_15:35:58.ml,0,compile
3647b6fd9957fc2af3a3ce46e01e4199,Oct_27_2020_15:35:13.ml,0,compile
3647b6fd9957fc2af3a3ce46e01e4199,Oct_27_2020_15:41:47.ml,0,compile
3647b6fd9957fc2af3a3ce46e01e4199,Oct_27_2020_15:37:55.ml,0,compile
3647b6fd9957fc2af3a3ce46e01e4199,Oct_27_2020_15:36:19.ml,0,compile
220fe3594c21f49b4b938a03436d97ad,Oct_30_2020_17:45:30.ml,0,compile
220fe3594c21f49b4b938a03436d97ad,Oct_30_2020_17:50:38.ml,0,compile
220fe3594c21f49b4b938a03436d97ad,Oct_30_2020_17:47:36.ml,0,compile
220fe3594c21f49b4b938a03436d97ad,Oct_30_2020_17:52:21.ml,0,compile
220fe3594c21f49b4b938a03436d97ad,Oct_30_2020_17:46:02.ml,0,compile
220fe3594c21f49b4b938a03436d97ad,Oct_30_2020_17:46:11.ml,0,compile
220fe3594c21f49b4b938a03436d97ad,Oct_30_2020_17:46:37.ml,0,compile
220fe3594c21f49b4b938a03436d97ad,Oct_30_2020_17:46:15.ml,0,compile
220fe3594c21f49b4b938a03436d97ad,Oct_30_2020_17:50:11.ml,0,compile
83bcbfc18093cc1dedaa07566007a1f5,Oct_26_2020_20:39:04.ml,0,compile
83bcbfc18093cc1dedaa07566007a1f5,Oct_26_2020_20:38:36.ml,0,compile
83bcbfc18093cc1dedaa07566007a1f5,Oct_26_2020_20:40:00.ml,0,compile
83bcbfc18093cc1dedaa07566007a1f5,Oct_26_2020_20:39:21.ml,0,compile
83bcbfc18093cc1dedaa07566007a1f5,Oct_26_2020_20:37:47.ml,0,compile
83bcbfc18093cc1dedaa07566007a1f5,Oct_26_2020_20:36:23.ml,0,compile
83bcbfc18093cc1dedaa07566007a1f5,Oct_26_2020_20:34:41.ml,0,compile
01c66550e87b2a0498dbaf67a69a802c,Oct_29_2020_13:47:30.ml,0,compile
963bc388671d744a671d20f6f4565cc6,Oct_26_2020_14:57:23.ml,0,compile
963bc388671d744a671d20f6f4565cc6,Oct_26_2020_15:29:35.ml,0,compile
963bc388671d744a671d20f6f4565cc6,Oct_26_2020_15:30:17.ml,0,compile
963bc388671d744a671d20f6f4565cc6,Oct_26_2020_14:57:14.ml,0,compile
963bc388671d744a671d20f6f4565cc6,Oct_26_2020_14:56:55.ml,0,compile
963bc388671d744a671d20f6f4565cc6,Oct_26_2020_15:28:57.ml,0,compile
963bc388671d744a671d20f6f4565cc6,Oct_26_2020_15:29:06.ml,0,compile
963bc388671d744a671d20f6f4565cc6,Oct_26_2020_14:57:52.ml,0,compile
1f008758750b6177fe85db106772ea0c,Oct_24_2020_11:42:28.ml,0,compile
1f008758750b6177fe85db106772ea0c,Oct_24_2020_11:37:09.ml,0,compile
1f008758750b6177fe85db106772ea0c,Oct_24_2020_11:31:53.ml,0,compile
1f008758750b6177fe85db106772ea0c,Oct_24_2020_11:34:26.ml,0,compile
1f008758750b6177fe85db106772ea0c,Oct_24_2020_11:36:20.ml,0,compile
9f81f2601e9c42377f97662efd179708,Oct_27_2020_03:28:51.ml,0,compile
9f81f2601e9c42377f97662efd179708,Oct_27_2020_03:39:06.ml,0,compile
9f81f2601e9c42377f97662efd179708,Oct_27_2020_03:33:47.ml,0,compile
9f81f2601e9c42377f97662efd179708,Oct_27_2020_03:36:35.ml,0,compile
9f81f2601e9c42377f97662efd179708,Oct_27_2020_03:39:54.ml,0,compile
d39f171169f0da7b324fdca437e564ce,Oct_25_2020_12:05:31.ml,0,compile
d39f171169f0da7b324fdca437e564ce,Oct_25_2020_12:10:52.ml,0,compile
d39f171169f0da7b324fdca437e564ce,Oct_25_2020_12:16:03.ml,0,compile
d39f171169f0da7b324fdca437e564ce,Oct_25_2020_10:47:16.ml,0,compile
d39f171169f0da7b324fdca437e564ce,Oct_25_2020_14:25:48.ml,0,compile
d39f171169f0da7b324fdca437e564ce,Oct_25_2020_12:04:49.ml,0,compile
d39f171169f0da7b324fdca437e564ce,Oct_25_2020_12:04:27.ml,0,compile
d39f171169f0da7b324fdca437e564ce,Oct_25_2020_12:04:23.ml,0,compile
d39f171169f0da7b324fdca437e564ce,Oct_25_2020_12:15:25.ml,0,compile
d39f171169f0da7b324fdca437e564ce,Oct_25_2020_12:11:23.ml,0,compile
d39f171169f0da7b324fdca437e564ce,Oct_25_2020_11:59:55.ml,0,compile
d39f171169f0da7b324fdca437e564ce,Oct_28_2020_00:13:52.ml,0,compile
d39f171169f0da7b324fdca437e564ce,Oct_25_2020_12:04:34.ml,0,compile
d39f171169f0da7b324fdca437e564ce,Oct_25_2020_12:01:35.ml,0,compile
d39f171169f0da7b324fdca437e564ce,Oct_25_2020_14:57:28.ml,0,compile
d39f171169f0da7b324fdca437e564ce,Oct_25_2020_12:11:56.ml,0,compile
d39f171169f0da7b324fdca437e564ce,Oct_25_2020_14:57:44.ml,0,compile
d39f171169f0da7b324fdca437e564ce,Oct_25_2020_12:16:11.ml,0,compile
d39f171169f0da7b324fdca437e564ce,Oct_25_2020_12:07:13.ml,0,compile
d39f171169f0da7b324fdca437e564ce,Oct_25_2020_12:06:37.ml,0,compile
d39f171169f0da7b324fdca437e564ce,Oct_25_2020_12:16:56.ml,0,compile
d39f171169f0da7b324fdca437e564ce,Oct_25_2020_11:58:35.ml,0,compile
d39f171169f0da7b324fdca437e564ce,Oct_25_2020_12:03:35.ml,0,compile
d39f171169f0da7b324fdca437e564ce,Oct_25_2020_12:04:20.ml,0,compile
d39f171169f0da7b324fdca437e564ce,Oct_25_2020_10:48:19.ml,0,compile
d39f171169f0da7b324fdca437e564ce,Oct_25_2020_12:06:46.ml,0,compile
d39f171169f0da7b324fdca437e564ce,Oct_25_2020_12:10:36.ml,0,compile
d39f171169f0da7b324fdca437e564ce,Oct_25_2020_12:04:04.ml,0,compile
d39f171169f0da7b324fdca437e564ce,Oct_25_2020_12:15:16.ml,0,compile
d39f171169f0da7b324fdca437e564ce,Oct_25_2020_12:17:33.ml,0,compile
d39f171169f0da7b324fdca437e564ce,Oct_25_2020_12:04:16.ml,0,compile
1246a05ce6852a6152b7a584b6c1d965,Oct_29_2020_17:06:07.ml,0,compile
1246a05ce6852a6152b7a584b6c1d965,Oct_29_2020_17:05:49.ml,0,compile
1246a05ce6852a6152b7a584b6c1d965,Oct_29_2020_17:04:47.ml,0,compile
1246a05ce6852a6152b7a584b6c1d965,Oct_29_2020_17:57:29.ml,0,compile
1246a05ce6852a6152b7a584b6c1d965,Oct_29_2020_17:09:03.ml,0,compile
1246a05ce6852a6152b7a584b6c1d965,Oct_29_2020_17:05:15.ml,0,compile
1246a05ce6852a6152b7a584b6c1d965,Oct_29_2020_17:05:32.ml,0,compile
1246a05ce6852a6152b7a584b6c1d965,Oct_29_2020_17:26:38.ml,0,compile
1246a05ce6852a6152b7a584b6c1d965,Oct_29_2020_17:06:02.ml,0,compile
1246a05ce6852a6152b7a584b6c1d965,Oct_29_2020_17:50:21.ml,0,compile
1246a05ce6852a6152b7a584b6c1d965,Oct_29_2020_17:57:17.ml,0,compile
1246a05ce6852a6152b7a584b6c1d965,Oct_29_2020_17:05:58.ml,0,compile
1246a05ce6852a6152b7a584b6c1d965,Oct_29_2020_17:05:53.ml,0,compile
1246a05ce6852a6152b7a584b6c1d965,Oct_29_2020_17:46:58.ml,0,compile
ca7f9f308b17524c30488e4ad3da5df7,Oct_28_2020_02:50:14.ml,0,compile
ca7f9f308b17524c30488e4ad3da5df7,Oct_28_2020_02:48:24.ml,0,compile
ca7f9f308b17524c30488e4ad3da5df7,Oct_28_2020_02:49:06.ml,0,compile
ca7f9f308b17524c30488e4ad3da5df7,Oct_28_2020_03:00:21.ml,0,compile
ca7f9f308b17524c30488e4ad3da5df7,Oct_28_2020_02:48:34.ml,0,compile
f23717a578e466198cfe841638c84f84,Oct_24_2020_09:58:57.ml,0,compile
f23717a578e466198cfe841638c84f84,Oct_24_2020_10:16:21.ml,0,compile
f23717a578e466198cfe841638c84f84,Oct_24_2020_10:04:19.ml,0,compile
f23717a578e466198cfe841638c84f84,Oct_24_2020_10:01:43.ml,0,compile
f23717a578e466198cfe841638c84f84,Oct_24_2020_10:07:29.ml,0,compile
f23717a578e466198cfe841638c84f84,Oct_24_2020_10:15:53.ml,0,compile
f23717a578e466198cfe841638c84f84,Oct_24_2020_10:00:31.ml,0,compile
f23717a578e466198cfe841638c84f84,Oct_24_2020_10:05:54.ml,0,compile
f23717a578e466198cfe841638c84f84,Oct_24_2020_10:02:56.ml,0,compile
6801a190355a189645997a0b481965ef,Oct_23_2020_22:35:55.ml,0,compile
6801a190355a189645997a0b481965ef,Oct_23_2020_22:35:49.ml,0,compile
6801a190355a189645997a0b481965ef,Oct_23_2020_22:36:14.ml,0,compile
6801a190355a189645997a0b481965ef,Oct_23_2020_22:33:28.ml,0,compile
d5d9b27a5c1a70aecc77b0fa91b1a724,Oct_25_2020_11:47:55.ml,0,compile
d5d9b27a5c1a70aecc77b0fa91b1a724,Oct_25_2020_13:37:49.ml,0,compile
d5d9b27a5c1a70aecc77b0fa91b1a724,Oct_25_2020_11:46:25.ml,0,compile
d5d9b27a5c1a70aecc77b0fa91b1a724,Oct_25_2020_11:46:34.ml,0,compile
7125c63544b50d3e21accd0964d1f4fa,Oct_29_2020_08:25:51.ml,0,compile
7125c63544b50d3e21accd0964d1f4fa,Oct_29_2020_08:26:07.ml,0,compile
7125c63544b50d3e21accd0964d1f4fa,Oct_29_2020_08:23:50.ml,0,compile
7125c63544b50d3e21accd0964d1f4fa,Oct_29_2020_08:22:21.ml,0,compile
7125c63544b50d3e21accd0964d1f4fa,Oct_29_2020_08:23:14.ml,0,compile
7125c63544b50d3e21accd0964d1f4fa,Oct_29_2020_08:27:40.ml,0,compile
aaeeedba617dd9868e18f6bf82cc838e,Oct_30_2020_12:45:43.ml,0,compile
aaeeedba617dd9868e18f6bf82cc838e,Oct_30_2020_12:59:18.ml,0,compile
aaeeedba617dd9868e18f6bf82cc838e,Oct_30_2020_12:59:39.ml,0,compile
aaeeedba617dd9868e18f6bf82cc838e,Oct_30_2020_12:43:23.ml,0,compile
aaeeedba617dd9868e18f6bf82cc838e,Oct_30_2020_12:42:16.ml,0,compile
aaeeedba617dd9868e18f6bf82cc838e,Oct_30_2020_12:35:06.ml,0,compile
aaeeedba617dd9868e18f6bf82cc838e,Oct_30_2020_12:55:56.ml,0,compile
aaeeedba617dd9868e18f6bf82cc838e,Oct_30_2020_12:33:29.ml,0,compile
aaeeedba617dd9868e18f6bf82cc838e,Oct_30_2020_12:57:33.ml,0,compile
aaeeedba617dd9868e18f6bf82cc838e,Oct_30_2020_12:45:27.ml,0,compile
aaeeedba617dd9868e18f6bf82cc838e,Oct_30_2020_12:42:45.ml,0,compile
aaeeedba617dd9868e18f6bf82cc838e,Oct_30_2020_13:05:45.ml,0,compile
aaeeedba617dd9868e18f6bf82cc838e,Oct_30_2020_12:33:00.ml,0,compile
598dbf536f921f0731168a43318ff513,Oct_25_2020_01:51:52.ml,0,compile
598dbf536f921f0731168a43318ff513,Oct_25_2020_01:51:29.ml,0,compile
598dbf536f921f0731168a43318ff513,Oct_25_2020_01:51:20.ml,0,compile
89be5d0809c21a6ce69ba8f432b149b5,Oct_26_2020_22:28:16.ml,0,compile
89be5d0809c21a6ce69ba8f432b149b5,Oct_26_2020_22:29:31.ml,0,compile
89be5d0809c21a6ce69ba8f432b149b5,Oct_26_2020_22:52:57.ml,0,compile
89be5d0809c21a6ce69ba8f432b149b5,Oct_26_2020_22:33:27.ml,0,compile
89be5d0809c21a6ce69ba8f432b149b5,Oct_26_2020_22:28:41.ml,0,compile
89be5d0809c21a6ce69ba8f432b149b5,Oct_26_2020_22:56:04.ml,0,compile
89be5d0809c21a6ce69ba8f432b149b5,Oct_26_2020_22:54:35.ml,0,compile
89be5d0809c21a6ce69ba8f432b149b5,Oct_27_2020_19:10:39.ml,0,compile
89be5d0809c21a6ce69ba8f432b149b5,Oct_26_2020_22:56:26.ml,0,compile
89be5d0809c21a6ce69ba8f432b149b5,Oct_26_2020_22:57:13.ml,0,compile
89be5d0809c21a6ce69ba8f432b149b5,Oct_26_2020_22:34:05.ml,0,compile
89be5d0809c21a6ce69ba8f432b149b5,Oct_26_2020_22:57:02.ml,0,compile
c83cd8aec144497226a05bf4c251bbfc,Oct_30_2020_20:19:27.ml,0,compile
c83cd8aec144497226a05bf4c251bbfc,Oct_30_2020_20:21:30.ml,0,compile
c83cd8aec144497226a05bf4c251bbfc,Oct_30_2020_20:19:44.ml,0,compile
c83cd8aec144497226a05bf4c251bbfc,Oct_30_2020_20:19:14.ml,0,compile
c83cd8aec144497226a05bf4c251bbfc,Oct_30_2020_20:18:41.ml,0,compile
c83cd8aec144497226a05bf4c251bbfc,Oct_30_2020_20:18:46.ml,0,compile
c83cd8aec144497226a05bf4c251bbfc,Oct_30_2020_20:17:31.ml,0,compile
c83cd8aec144497226a05bf4c251bbfc,Oct_30_2020_20:16:35.ml,0,compile
c83cd8aec144497226a05bf4c251bbfc,Oct_30_2020_20:17:59.ml,0,compile
c83cd8aec144497226a05bf4c251bbfc,Oct_30_2020_20:19:22.ml,0,compile
c83cd8aec144497226a05bf4c251bbfc,Oct_30_2020_20:19:04.ml,0,compile
c83cd8aec144497226a05bf4c251bbfc,Oct_30_2020_20:18:11.ml,0,compile
c83cd8aec144497226a05bf4c251bbfc,Oct_30_2020_20:18:26.ml,0,compile
72efb41c3b713813c7bf2bf3679a7cb8,Oct_28_2020_10:43:56.ml,0,compile
72efb41c3b713813c7bf2bf3679a7cb8,Oct_28_2020_10:45:57.ml,0,compile
72efb41c3b713813c7bf2bf3679a7cb8,Oct_28_2020_10:44:35.ml,0,compile
72efb41c3b713813c7bf2bf3679a7cb8,Oct_28_2020_10:45:02.ml,0,compile
72efb41c3b713813c7bf2bf3679a7cb8,Oct_28_2020_10:38:33.ml,0,compile
72efb41c3b713813c7bf2bf3679a7cb8,Oct_28_2020_10:41:56.ml,0,compile
72efb41c3b713813c7bf2bf3679a7cb8,Oct_28_2020_10:35:24.ml,0,compile
72efb41c3b713813c7bf2bf3679a7cb8,Oct_28_2020_10:43:12.ml,0,compile
72efb41c3b713813c7bf2bf3679a7cb8,Oct_28_2020_10:38:58.ml,0,compile
72efb41c3b713813c7bf2bf3679a7cb8,Oct_28_2020_10:41:34.ml,0,compile
72efb41c3b713813c7bf2bf3679a7cb8,Oct_28_2020_10:35:09.ml,0,compile
72efb41c3b713813c7bf2bf3679a7cb8,Oct_28_2020_10:46:40.ml,0,compile
72efb41c3b713813c7bf2bf3679a7cb8,Oct_28_2020_10:35:00.ml,0,compile
72efb41c3b713813c7bf2bf3679a7cb8,Oct_28_2020_10:36:56.ml,0,compile
72efb41c3b713813c7bf2bf3679a7cb8,Oct_28_2020_10:38:08.ml,0,compile
72efb41c3b713813c7bf2bf3679a7cb8,Oct_28_2020_10:33:05.ml,0,compile
bd7b36bfe8d66f18eea48cca06a2e4e2,Oct_27_2020_22:50:20.ml,0,eval
bd7b36bfe8d66f18eea48cca06a2e4e2,Oct_27_2020_22:18:43.ml,0,eval
bd7b36bfe8d66f18eea48cca06a2e4e2,Oct_27_2020_22:20:38.ml,0,eval
bd7b36bfe8d66f18eea48cca06a2e4e2,Oct_27_2020_22:40:40.ml,0,eval
bd7b36bfe8d66f18eea48cca06a2e4e2,Oct_27_2020_22:40:30.ml,0,eval
ae7d1e6aef691b20f960fed4b3c78f72,Oct_29_2020_22:02:52.ml,0,eval
2e8b67ff6ec42ca2a35065901de07638,Oct_28_2020_19:55:09.ml,0,eval
2e8b67ff6ec42ca2a35065901de07638,Oct_28_2020_19:20:12.ml,0,eval
2e8b67ff6ec42ca2a35065901de07638,Oct_28_2020_19:23:29.ml,0,eval
2e8b67ff6ec42ca2a35065901de07638,Oct_28_2020_19:21:49.ml,0,eval
2e8b67ff6ec42ca2a35065901de07638,Oct_28_2020_19:16:12.ml,0,eval
76dcfda84c0890ca135f54d51a2d27e0,Oct_30_2020_00:44:32.ml,0,eval
76dcfda84c0890ca135f54d51a2d27e0,Oct_29_2020_23:17:54.ml,0,eval
76dcfda84c0890ca135f54d51a2d27e0,Oct_30_2020_00:43:55.ml,0,eval
76dcfda84c0890ca135f54d51a2d27e0,Oct_30_2020_00:43:48.ml,0,eval
76dcfda84c0890ca135f54d51a2d27e0,Oct_30_2020_00:45:25.ml,0,eval
76dcfda84c0890ca135f54d51a2d27e0,Oct_29_2020_23:14:39.ml,0,eval
72f3b0ac2d59eb8cb1c28d2b4630554f,Oct_29_2020_14:33:43.ml,0,eval
72f3b0ac2d59eb8cb1c28d2b4630554f,Oct_29_2020_14:33:03.ml,0,eval
72f3b0ac2d59eb8cb1c28d2b4630554f,Oct_29_2020_14:31:38.ml,0,eval
41ae1961ad83962e7022b1b5114cc9df,Oct_30_2020_03:21:22.ml,0,eval
41ae1961ad83962e7022b1b5114cc9df,Oct_30_2020_03:22:12.ml,0,eval
41ae1961ad83962e7022b1b5114cc9df,Oct_30_2020_03:24:07.ml,0,eval
2fdc24731ff44c673ea9139769df29c4,Oct_26_2020_22:23:02.ml,0,eval
4156f9719efa0fcd2b9ab679bff3b783,Oct_30_2020_04:26:02.ml,0,eval
4156f9719efa0fcd2b9ab679bff3b783,Oct_30_2020_04:25:30.ml,0,eval
871f749d3430e6336599099df5eba5c7,Oct_27_2020_20:13:37.ml,0,eval
871f749d3430e6336599099df5eba5c7,Oct_27_2020_20:13:01.ml,0,eval
871f749d3430e6336599099df5eba5c7,Oct_27_2020_20:51:40.ml,0,eval
871f749d3430e6336599099df5eba5c7,Oct_27_2020_20:15:08.ml,0,eval
1709b4a5fc3a0dcec1357dd186d7f368,Oct_26_2020_18:23:51.ml,0,eval
1709b4a5fc3a0dcec1357dd186d7f368,Oct_26_2020_18:24:11.ml,0,eval
1709b4a5fc3a0dcec1357dd186d7f368,Oct_26_2020_18:29:54.ml,0,eval
1709b4a5fc3a0dcec1357dd186d7f368,Oct_26_2020_18:59:19.ml,0,eval
1709b4a5fc3a0dcec1357dd186d7f368,Oct_26_2020_18:28:47.ml,0,eval
1709b4a5fc3a0dcec1357dd186d7f368,Oct_26_2020_18:22:54.ml,0,eval
1709b4a5fc3a0dcec1357dd186d7f368,Oct_26_2020_18:33:04.ml,0,eval
1709b4a5fc3a0dcec1357dd186d7f368,Oct_26_2020_18:33:58.ml,0,eval
6de01b2ffd5fb44596cc9a8950b52a3d,Oct_27_2020_02:49:24.ml,0,eval
6de01b2ffd5fb44596cc9a8950b52a3d,Oct_27_2020_02:23:55.ml,0,eval
9c4023d66a98e831354b9b6942e473e7,Oct_24_2020_21:56:31.ml,0,eval
ec471331256bca240e110b428aa16033,Oct_28_2020_17:14:09.ml,0,eval
9752899a0b63709905d8eb59932740f6,Oct_29_2020_20:46:21.ml,0,eval
9752899a0b63709905d8eb59932740f6,Oct_29_2020_20:42:45.ml,0,eval
9752899a0b63709905d8eb59932740f6,Oct_29_2020_20:46:59.ml,0,eval
e94ed6c369997299624028ad6be817ea,Oct_27_2020_18:29:25.ml,0,eval
e94ed6c369997299624028ad6be817ea,Oct_27_2020_18:36:25.ml,0,eval
e94ed6c369997299624028ad6be817ea,Oct_27_2020_18:31:10.ml,0,eval
e94ed6c369997299624028ad6be817ea,Oct_27_2020_18:31:35.ml,0,eval
e94ed6c369997299624028ad6be817ea,Oct_27_2020_18:38:45.ml,0,eval
e94ed6c369997299624028ad6be817ea,Oct_27_2020_18:33:16.ml,0,eval
e94ed6c369997299624028ad6be817ea,Oct_27_2020_18:36:36.ml,0,eval
e94ed6c369997299624028ad6be817ea,Oct_27_2020_18:31:47.ml,0,eval
e94ed6c369997299624028ad6be817ea,Oct_27_2020_18:33:35.ml,0,eval
8c6e0dcaf51e4e39bf632c8c17119f38,Oct_24_2020_20:14:34.ml,0,eval
8c6e0dcaf51e4e39bf632c8c17119f38,Oct_24_2020_20:15:02.ml,0,eval
8c6e0dcaf51e4e39bf632c8c17119f38,Oct_24_2020_20:21:21.ml,0,eval
8c6e0dcaf51e4e39bf632c8c17119f38,Oct_24_2020_20:13:39.ml,0,eval
8c6e0dcaf51e4e39bf632c8c17119f38,Oct_24_2020_20:15:35.ml,0,eval
4bf74b57a469455ca352d3b147414c18,Oct_24_2020_15:18:17.ml,0,eval
4bf74b57a469455ca352d3b147414c18,Oct_24_2020_15:22:05.ml,0,eval
76c2da7e6f4944f798be85320fe47efe,Oct_28_2020_19:53:14.ml,0,eval
76c2da7e6f4944f798be85320fe47efe,Oct_28_2020_19:53:57.ml,0,eval
76c2da7e6f4944f798be85320fe47efe,Oct_28_2020_19:54:19.ml,0,eval
3647b6fd9957fc2af3a3ce46e01e4199,Oct_27_2020_15:21:08.ml,0,eval
220fe3594c21f49b4b938a03436d97ad,Oct_30_2020_17:46:39.ml,0,eval
220fe3594c21f49b4b938a03436d97ad,Oct_30_2020_17:47:38.ml,0,eval
220fe3594c21f49b4b938a03436d97ad,Oct_30_2020_17:45:39.ml,0,eval
dfac497c5c5abae03eb7237ea8c593ec,Oct_25_2020_11:45:14.ml,0,eval
dfac497c5c5abae03eb7237ea8c593ec,Oct_23_2020_19:56:06.ml,0,eval
dfac497c5c5abae03eb7237ea8c593ec,Oct_23_2020_19:57:46.ml,0,eval
1f008758750b6177fe85db106772ea0c,Oct_24_2020_11:34:30.ml,0,eval
1f008758750b6177fe85db106772ea0c,Oct_24_2020_11:36:23.ml,0,eval
1f008758750b6177fe85db106772ea0c,Oct_24_2020_11:31:56.ml,0,eval
9f81f2601e9c42377f97662efd179708,Oct_27_2020_03:33:47.ml,0,eval
1246a05ce6852a6152b7a584b6c1d965,Oct_29_2020_17:09:16.ml,0,eval
1246a05ce6852a6152b7a584b6c1d965,Oct_29_2020_17:09:10.ml,0,eval
353ebc334ebc49dc488247da6776f007,Oct_25_2020_13:43:50.ml,0,eval
353ebc334ebc49dc488247da6776f007,Oct_25_2020_14:19:42.ml,0,eval
353ebc334ebc49dc488247da6776f007,Oct_25_2020_14:04:52.ml,0,eval
353ebc334ebc49dc488247da6776f007,Oct_25_2020_13:45:25.ml,0,eval
353ebc334ebc49dc488247da6776f007,Oct_25_2020_13:42:48.ml,0,eval
353ebc334ebc49dc488247da6776f007,Oct_25_2020_13:44:18.ml,0,eval
353ebc334ebc49dc488247da6776f007,Oct_25_2020_13:43:14.ml,0,eval
82c2dc28f573be05cb14e902239c987a,Oct_25_2020_19:02:18.ml,0,grade
82c2dc28f573be05cb14e902239c987a,Oct_30_2020_23:50:45.ml,0,grade
82c2dc28f573be05cb14e902239c987a,Oct_25_2020_18:57:28.ml,0,grade
82c2dc28f573be05cb14e902239c987a,Oct_30_2020_22:39:21.ml,0,grade
82c2dc28f573be05cb14e902239c987a,Oct_30_2020_00:25:55.ml,0,grade
82c2dc28f573be05cb14e902239c987a,Oct_25_2020_18:52:46.ml,0,grade
82c2dc28f573be05cb14e902239c987a,Oct_29_2020_20:14:35.ml,0,grade
82c2dc28f573be05cb14e902239c987a,Oct_31_2020_02:59:05.ml,53,grade
82c2dc28f573be05cb14e902239c987a,Oct_30_2020_23:51:54.ml,0,grade
82c2dc28f573be05cb14e902239c987a,Oct_28_2020_13:17:50.ml,0,grade
82c2dc28f573be05cb14e902239c987a,Oct_29_2020_02:17:23.ml,0,grade
82c2dc28f573be05cb14e902239c987a,Oct_28_2020_13:34:12.ml,0,grade
82c2dc28f573be05cb14e902239c987a,Oct_29_2020_19:34:30.ml,0,grade
82c2dc28f573be05cb14e902239c987a,Oct_31_2020_02:46:32.ml,49,grade
82c2dc28f573be05cb14e902239c987a,Oct_31_2020_00:02:38.ml,0,grade
82c2dc28f573be05cb14e902239c987a,Oct_25_2020_19:04:33.ml,0,grade
82c2dc28f573be05cb14e902239c987a,Oct_25_2020_18:59:01.ml,0,grade
82c2dc28f573be05cb14e902239c987a,Oct_31_2020_03:00:13.ml,54,grade
82c2dc28f573be05cb14e902239c987a,Oct_30_2020_00:24:45.ml,0,grade
82c2dc28f573be05cb14e902239c987a,Oct_28_2020_13:46:54.ml,0,grade
82c2dc28f573be05cb14e902239c987a,Oct_28_2020_13:51:01.ml,0,grade
82c2dc28f573be05cb14e902239c987a,Oct_25_2020_19:01:14.ml,0,grade
82c2dc28f573be05cb14e902239c987a,Oct_29_2020_02:05:10.ml,0,grade
82c2dc28f573be05cb14e902239c987a,Oct_28_2020_13:10:53.ml,0,grade
82c2dc28f573be05cb14e902239c987a,Oct_25_2020_19:16:56.ml,0,grade
82c2dc28f573be05cb14e902239c987a,Oct_25_2020_18:46:29.ml,0,grade
82c2dc28f573be05cb14e902239c987a,Oct_29_2020_20:11:51.ml,0,grade
82c2dc28f573be05cb14e902239c987a,Oct_31_2020_02:39:54.ml,33,grade
82c2dc28f573be05cb14e902239c987a,Oct_29_2020_19:52:00.ml,0,grade
82c2dc28f573be05cb14e902239c987a,Oct_28_2020_13:12:45.ml,0,grade
82c2dc28f573be05cb14e902239c987a,Oct_25_2020_20:51:41.ml,0,grade
82c2dc28f573be05cb14e902239c987a,Oct_31_2020_00:41:58.ml,0,grade
82c2dc28f573be05cb14e902239c987a,Oct_28_2020_13:36:20.ml,0,grade
82c2dc28f573be05cb14e902239c987a,Oct_28_2020_13:14:43.ml,0,grade
288fa3c5f405447f75811bcd613ac385,Oct_30_2020_17:51:51.ml,53,grade
288fa3c5f405447f75811bcd613ac385,Oct_30_2020_17:13:36.ml,0,grade
288fa3c5f405447f75811bcd613ac385,Oct_30_2020_12:25:32.ml,0,grade
288fa3c5f405447f75811bcd613ac385,Oct_30_2020_14:19:18.ml,0,grade
288fa3c5f405447f75811bcd613ac385,Oct_30_2020_17:56:55.ml,54,grade
288fa3c5f405447f75811bcd613ac385,Oct_31_2020_01:55:59.ml,54,grade
288fa3c5f405447f75811bcd613ac385,Oct_30_2020_11:14:49.ml,0,grade
288fa3c5f405447f75811bcd613ac385,Oct_30_2020_07:22:08.ml,0,grade
288fa3c5f405447f75811bcd613ac385,Oct_30_2020_16:50:17.ml,0,grade
288fa3c5f405447f75811bcd613ac385,Oct_30_2020_15:32:41.ml,0,grade
288fa3c5f405447f75811bcd613ac385,Oct_30_2020_08:35:20.ml,0,grade
288fa3c5f405447f75811bcd613ac385,Oct_30_2020_07:22:45.ml,0,grade
288fa3c5f405447f75811bcd613ac385,Oct_31_2020_01:55:39.ml,54,grade
288fa3c5f405447f75811bcd613ac385,Oct_30_2020_11:58:01.ml,0,grade
288fa3c5f405447f75811bcd613ac385,Oct_30_2020_08:34:46.ml,0,grade
288fa3c5f405447f75811bcd613ac385,Oct_30_2020_16:49:07.ml,0,grade
288fa3c5f405447f75811bcd613ac385,Oct_30_2020_07:23:04.ml,0,grade
288fa3c5f405447f75811bcd613ac385,Oct_30_2020_17:52:34.ml,54,grade
288fa3c5f405447f75811bcd613ac385,Oct_30_2020_07:21:24.ml,0,grade
288fa3c5f405447f75811bcd613ac385,Oct_30_2020_11:12:53.ml,0,grade
288fa3c5f405447f75811bcd613ac385,Oct_30_2020_17:16:48.ml,0,grade
540d27ec01ef2ffcf9c7b9b4fa5104da,Oct_30_2020_23:19:04.ml,54,grade
540d27ec01ef2ffcf9c7b9b4fa5104da,Oct_30_2020_22:24:52.ml,0,grade
540d27ec01ef2ffcf9c7b9b4fa5104da,Oct_30_2020_22:15:46.ml,0,grade
540d27ec01ef2ffcf9c7b9b4fa5104da,Oct_30_2020_23:13:23.ml,54,grade
540d27ec01ef2ffcf9c7b9b4fa5104da,Oct_27_2020_03:56:05.ml,0,grade
540d27ec01ef2ffcf9c7b9b4fa5104da,Oct_30_2020_21:42:07.ml,0,grade
540d27ec01ef2ffcf9c7b9b4fa5104da,Oct_30_2020_22:28:13.ml,0,grade
540d27ec01ef2ffcf9c7b9b4fa5104da,Oct_30_2020_22:13:54.ml,0,grade
540d27ec01ef2ffcf9c7b9b4fa5104da,Oct_30_2020_22:17:37.ml,0,grade
540d27ec01ef2ffcf9c7b9b4fa5104da,Oct_29_2020_05:28:35.ml,0,grade
540d27ec01ef2ffcf9c7b9b4fa5104da,Oct_30_2020_22:19:33.ml,0,grade
540d27ec01ef2ffcf9c7b9b4fa5104da,Oct_30_2020_22:31:21.ml,0,grade
540d27ec01ef2ffcf9c7b9b4fa5104da,Oct_29_2020_05:26:54.ml,0,grade
540d27ec01ef2ffcf9c7b9b4fa5104da,Oct_30_2020_16:07:39.ml,0,grade
540d27ec01ef2ffcf9c7b9b4fa5104da,Oct_30_2020_22:53:12.ml,66,grade
540d27ec01ef2ffcf9c7b9b4fa5104da,Oct_30_2020_23:21:05.ml,54,grade
540d27ec01ef2ffcf9c7b9b4fa5104da,Oct_30_2020_21:44:53.ml,0,grade
540d27ec01ef2ffcf9c7b9b4fa5104da,Oct_30_2020_22:23:21.ml,0,grade
540d27ec01ef2ffcf9c7b9b4fa5104da,Oct_27_2020_04:07:49.ml,0,grade
540d27ec01ef2ffcf9c7b9b4fa5104da,Oct_30_2020_23:21:57.ml,54,grade
540d27ec01ef2ffcf9c7b9b4fa5104da,Oct_30_2020_22:24:24.ml,0,grade
540d27ec01ef2ffcf9c7b9b4fa5104da,Oct_27_2020_04:01:26.ml,0,grade
540d27ec01ef2ffcf9c7b9b4fa5104da,Oct_30_2020_21:44:40.ml,0,grade
540d27ec01ef2ffcf9c7b9b4fa5104da,Oct_30_2020_22:27:48.ml,0,grade
540d27ec01ef2ffcf9c7b9b4fa5104da,Oct_27_2020_04:10:48.ml,0,grade
540d27ec01ef2ffcf9c7b9b4fa5104da,Oct_29_2020_16:53:27.ml,0,grade
540d27ec01ef2ffcf9c7b9b4fa5104da,Oct_30_2020_21:31:34.ml,0,grade
540d27ec01ef2ffcf9c7b9b4fa5104da,Oct_30_2020_23:20:51.ml,54,grade
540d27ec01ef2ffcf9c7b9b4fa5104da,Oct_29_2020_05:24:48.ml,0,grade
540d27ec01ef2ffcf9c7b9b4fa5104da,Oct_30_2020_22:18:32.ml,0,grade
540d27ec01ef2ffcf9c7b9b4fa5104da,Oct_30_2020_21:46:18.ml,0,grade
540d27ec01ef2ffcf9c7b9b4fa5104da,Oct_30_2020_23:05:03.ml,38,grade
540d27ec01ef2ffcf9c7b9b4fa5104da,Oct_30_2020_23:20:43.ml,54,grade
540d27ec01ef2ffcf9c7b9b4fa5104da,Oct_30_2020_23:06:41.ml,54,grade
540d27ec01ef2ffcf9c7b9b4fa5104da,Oct_30_2020_23:22:12.ml,54,grade
540d27ec01ef2ffcf9c7b9b4fa5104da,Oct_30_2020_22:54:14.ml,66,grade
540d27ec01ef2ffcf9c7b9b4fa5104da,Oct_30_2020_22:22:19.ml,0,grade
540d27ec01ef2ffcf9c7b9b4fa5104da,Oct_27_2020_04:02:14.ml,0,grade
540d27ec01ef2ffcf9c7b9b4fa5104da,Oct_27_2020_03:55:19.ml,0,grade
540d27ec01ef2ffcf9c7b9b4fa5104da,Oct_30_2020_23:14:43.ml,54,grade
540d27ec01ef2ffcf9c7b9b4fa5104da,Oct_30_2020_16:09:30.ml,0,grade
540d27ec01ef2ffcf9c7b9b4fa5104da,Oct_29_2020_05:29:07.ml,0,grade
540d27ec01ef2ffcf9c7b9b4fa5104da,Oct_30_2020_23:17:07.ml,54,grade
540d27ec01ef2ffcf9c7b9b4fa5104da,Oct_30_2020_23:07:45.ml,54,grade
540d27ec01ef2ffcf9c7b9b4fa5104da,Oct_30_2020_15:51:30.ml,0,grade
540d27ec01ef2ffcf9c7b9b4fa5104da,Oct_27_2020_04:00:35.ml,0,grade
540d27ec01ef2ffcf9c7b9b4fa5104da,Oct_29_2020_05:48:58.ml,0,grade
540d27ec01ef2ffcf9c7b9b4fa5104da,Oct_30_2020_22:13:09.ml,0,grade
540d27ec01ef2ffcf9c7b9b4fa5104da,Oct_30_2020_16:05:42.ml,0,grade
540d27ec01ef2ffcf9c7b9b4fa5104da,Oct_30_2020_21:40:27.ml,0,grade
540d27ec01ef2ffcf9c7b9b4fa5104da,Oct_30_2020_22:09:48.ml,0,grade
540d27ec01ef2ffcf9c7b9b4fa5104da,Oct_29_2020_05:48:44.ml,0,grade
540d27ec01ef2ffcf9c7b9b4fa5104da,Oct_30_2020_22:11:41.ml,0,grade
540d27ec01ef2ffcf9c7b9b4fa5104da,Oct_30_2020_23:14:51.ml,54,grade
540d27ec01ef2ffcf9c7b9b4fa5104da,Oct_30_2020_22:22:52.ml,0,grade
540d27ec01ef2ffcf9c7b9b4fa5104da,Oct_29_2020_05:26:39.ml,0,grade
540d27ec01ef2ffcf9c7b9b4fa5104da,Oct_29_2020_05:48:01.ml,0,grade
540d27ec01ef2ffcf9c7b9b4fa5104da,Oct_30_2020_23:06:23.ml,54,grade
540d27ec01ef2ffcf9c7b9b4fa5104da,Oct_29_2020_16:54:05.ml,0,grade
540d27ec01ef2ffcf9c7b9b4fa5104da,Oct_29_2020_04:01:37.ml,0,grade
540d27ec01ef2ffcf9c7b9b4fa5104da,Oct_30_2020_15:57:19.ml,0,grade
540d27ec01ef2ffcf9c7b9b4fa5104da,Oct_29_2020_16:52:28.ml,0,grade
bd7b36bfe8d66f18eea48cca06a2e4e2,Oct_29_2020_22:00:36.ml,0,grade
bd7b36bfe8d66f18eea48cca06a2e4e2,Oct_30_2020_18:06:05.ml,0,grade
bd7b36bfe8d66f18eea48cca06a2e4e2,Oct_30_2020_01:02:24.ml,0,grade
bd7b36bfe8d66f18eea48cca06a2e4e2,Oct_30_2020_22:56:25.ml,0,grade
bd7b36bfe8d66f18eea48cca06a2e4e2,Oct_29_2020_22:29:51.ml,0,grade
bd7b36bfe8d66f18eea48cca06a2e4e2,Oct_30_2020_01:44:30.ml,0,grade
bd7b36bfe8d66f18eea48cca06a2e4e2,Oct_30_2020_18:24:33.ml,0,grade
bd7b36bfe8d66f18eea48cca06a2e4e2,Oct_31_2020_00:34:48.ml,0,grade
bd7b36bfe8d66f18eea48cca06a2e4e2,Oct_29_2020_23:31:56.ml,0,grade
bd7b36bfe8d66f18eea48cca06a2e4e2,Oct_30_2020_01:45:16.ml,0,grade
bd7b36bfe8d66f18eea48cca06a2e4e2,Oct_30_2020_18:06:42.ml,0,grade
bd7b36bfe8d66f18eea48cca06a2e4e2,Oct_28_2020_03:54:34.ml,0,grade
bd7b36bfe8d66f18eea48cca06a2e4e2,Oct_30_2020_19:07:20.ml,0,grade
bd7b36bfe8d66f18eea48cca06a2e4e2,Oct_31_2020_01:05:44.ml,0,grade
bd7b36bfe8d66f18eea48cca06a2e4e2,Oct_28_2020_02:20:51.ml,0,grade
bd7b36bfe8d66f18eea48cca06a2e4e2,Oct_30_2020_22:56:47.ml,0,grade
bd7b36bfe8d66f18eea48cca06a2e4e2,Oct_30_2020_19:06:12.ml,0,grade
bd7b36bfe8d66f18eea48cca06a2e4e2,Oct_29_2020_23:29:47.ml,0,grade
bd7b36bfe8d66f18eea48cca06a2e4e2,Oct_30_2020_22:16:20.ml,0,grade
bd7b36bfe8d66f18eea48cca06a2e4e2,Oct_30_2020_01:55:20.ml,0,grade
bd7b36bfe8d66f18eea48cca06a2e4e2,Oct_30_2020_01:39:21.ml,0,grade
bd7b36bfe8d66f18eea48cca06a2e4e2,Oct_31_2020_01:27:04.ml,0,grade
bd7b36bfe8d66f18eea48cca06a2e4e2,Oct_29_2020_22:28:43.ml,0,grade
bd7b36bfe8d66f18eea48cca06a2e4e2,Oct_31_2020_01:21:22.ml,0,grade
bd7b36bfe8d66f18eea48cca06a2e4e2,Oct_30_2020_21:12:28.ml,0,grade
bd7b36bfe8d66f18eea48cca06a2e4e2,Oct_30_2020_22:57:01.ml,0,grade
bd7b36bfe8d66f18eea48cca06a2e4e2,Oct_31_2020_00:11:25.ml,0,grade
bd7b36bfe8d66f18eea48cca06a2e4e2,Oct_29_2020_23:38:13.ml,0,grade
bd7b36bfe8d66f18eea48cca06a2e4e2,Oct_31_2020_00:06:17.ml,0,grade
bd7b36bfe8d66f18eea48cca06a2e4e2,Oct_31_2020_01:18:00.ml,0,grade
bd7b36bfe8d66f18eea48cca06a2e4e2,Oct_29_2020_23:30:47.ml,0,grade
bd7b36bfe8d66f18eea48cca06a2e4e2,Oct_30_2020_23:09:35.ml,0,grade
bd7b36bfe8d66f18eea48cca06a2e4e2,Oct_30_2020_18:09:34.ml,0,grade
bd7b36bfe8d66f18eea48cca06a2e4e2,Oct_29_2020_23:44:29.ml,0,grade
bd7b36bfe8d66f18eea48cca06a2e4e2,Oct_31_2020_02:55:08.ml,0,grade
bd7b36bfe8d66f18eea48cca06a2e4e2,Oct_30_2020_01:42:16.ml,0,grade
bd7b36bfe8d66f18eea48cca06a2e4e2,Oct_31_2020_00:24:22.ml,0,grade
bd7b36bfe8d66f18eea48cca06a2e4e2,Oct_29_2020_23:54:25.ml,0,grade
bd7b36bfe8d66f18eea48cca06a2e4e2,Oct_30_2020_22:59:17.ml,0,grade
bd7b36bfe8d66f18eea48cca06a2e4e2,Oct_30_2020_20:46:01.ml,0,grade
bd7b36bfe8d66f18eea48cca06a2e4e2,Oct_29_2020_22:42:34.ml,0,grade
bd7b36bfe8d66f18eea48cca06a2e4e2,Oct_30_2020_18:05:48.ml,0,grade
bd7b36bfe8d66f18eea48cca06a2e4e2,Oct_30_2020_22:57:43.ml,0,grade
bd7b36bfe8d66f18eea48cca06a2e4e2,Oct_31_2020_00:01:10.ml,0,grade
bd7b36bfe8d66f18eea48cca06a2e4e2,Oct_30_2020_19:05:47.ml,0,grade
bd7b36bfe8d66f18eea48cca06a2e4e2,Oct_31_2020_03:20:36.ml,34,grade
bd7b36bfe8d66f18eea48cca06a2e4e2,Oct_31_2020_01:08:16.ml,0,grade
bd7b36bfe8d66f18eea48cca06a2e4e2,Oct_31_2020_00:08:53.ml,0,grade
bd7b36bfe8d66f18eea48cca06a2e4e2,Oct_30_2020_22:18:46.ml,0,grade
bd7b36bfe8d66f18eea48cca06a2e4e2,Oct_31_2020_03:30:57.ml,54,grade
bd7b36bfe8d66f18eea48cca06a2e4e2,Oct_30_2020_01:55:41.ml,0,grade
bd7b36bfe8d66f18eea48cca06a2e4e2,Oct_29_2020_23:30:29.ml,0,grade
bd7b36bfe8d66f18eea48cca06a2e4e2,Oct_31_2020_00:55:50.ml,0,grade
bd7b36bfe8d66f18eea48cca06a2e4e2,Oct_30_2020_23:07:59.ml,0,grade
bd7b36bfe8d66f18eea48cca06a2e4e2,Oct_28_2020_02:50:29.ml,0,grade
bd7b36bfe8d66f18eea48cca06a2e4e2,Oct_30_2020_23:05:11.ml,0,grade
bd7b36bfe8d66f18eea48cca06a2e4e2,Oct_30_2020_21:12:16.ml,0,grade
bd7b36bfe8d66f18eea48cca06a2e4e2,Oct_30_2020_21:22:32.ml,0,grade
bd7b36bfe8d66f18eea48cca06a2e4e2,Oct_29_2020_22:36:04.ml,0,grade
bd7b36bfe8d66f18eea48cca06a2e4e2,Oct_30_2020_23:40:01.ml,0,grade
bd7b36bfe8d66f18eea48cca06a2e4e2,Oct_31_2020_00:57:05.ml,0,grade
bd7b36bfe8d66f18eea48cca06a2e4e2,Oct_30_2020_23:17:54.ml,0,grade
bd7b36bfe8d66f18eea48cca06a2e4e2,Oct_30_2020_23:50:51.ml,0,grade
bd7b36bfe8d66f18eea48cca06a2e4e2,Oct_30_2020_23:49:46.ml,0,grade
bd7b36bfe8d66f18eea48cca06a2e4e2,Oct_31_2020_00:40:04.ml,0,grade
bd7b36bfe8d66f18eea48cca06a2e4e2,Oct_31_2020_00:56:51.ml,0,grade
bd7b36bfe8d66f18eea48cca06a2e4e2,Oct_30_2020_18:09:22.ml,0,grade
bd7b36bfe8d66f18eea48cca06a2e4e2,Oct_31_2020_00:10:52.ml,0,grade
bd7b36bfe8d66f18eea48cca06a2e4e2,Oct_28_2020_02:07:50.ml,0,grade
bd7b36bfe8d66f18eea48cca06a2e4e2,Oct_30_2020_01:41:27.ml,0,grade
bd7b36bfe8d66f18eea48cca06a2e4e2,Oct_29_2020_23:23:36.ml,0,grade
bd7b36bfe8d66f18eea48cca06a2e4e2,Oct_29_2020_22:44:36.ml,0,grade
bd7b36bfe8d66f18eea48cca06a2e4e2,Oct_30_2020_19:05:11.ml,0,grade
bd7b36bfe8d66f18eea48cca06a2e4e2,Oct_31_2020_01:23:56.ml,0,grade
bd7b36bfe8d66f18eea48cca06a2e4e2,Oct_29_2020_22:55:06.ml,0,grade
bd7b36bfe8d66f18eea48cca06a2e4e2,Oct_30_2020_01:12:59.ml,0,grade
bd7b36bfe8d66f18eea48cca06a2e4e2,Oct_30_2020_22:19:37.ml,0,grade
bd7b36bfe8d66f18eea48cca06a2e4e2,Oct_28_2020_18:22:18.ml,0,grade
bd7b36bfe8d66f18eea48cca06a2e4e2,Oct_31_2020_00:59:00.ml,0,grade
bd7b36bfe8d66f18eea48cca06a2e4e2,Oct_29_2020_23:57:38.ml,0,grade
bd7b36bfe8d66f18eea48cca06a2e4e2,Oct_30_2020_23:48:12.ml,0,grade
bd7b36bfe8d66f18eea48cca06a2e4e2,Oct_30_2020_18:24:20.ml,0,grade
bd7b36bfe8d66f18eea48cca06a2e4e2,Oct_31_2020_03:13:01.ml,0,grade
bd7b36bfe8d66f18eea48cca06a2e4e2,Oct_30_2020_22:16:06.ml,0,grade
bd7b36bfe8d66f18eea48cca06a2e4e2,Oct_28_2020_20:15:38.ml,0,grade
bd7b36bfe8d66f18eea48cca06a2e4e2,Oct_31_2020_00:25:30.ml,0,grade
bd7b36bfe8d66f18eea48cca06a2e4e2,Oct_29_2020_23:54:48.ml,0,grade
bd7b36bfe8d66f18eea48cca06a2e4e2,Oct_29_2020_22:31:04.ml,0,grade
bd7b36bfe8d66f18eea48cca06a2e4e2,Oct_30_2020_23:05:56.ml,0,grade
bd7b36bfe8d66f18eea48cca06a2e4e2,Oct_31_2020_00:19:48.ml,0,grade
bd7b36bfe8d66f18eea48cca06a2e4e2,Oct_30_2020_23:17:34.ml,0,grade
bd7b36bfe8d66f18eea48cca06a2e4e2,Oct_30_2020_19:06:32.ml,0,grade
bd7b36bfe8d66f18eea48cca06a2e4e2,Oct_31_2020_00:19:32.ml,0,grade
bd7b36bfe8d66f18eea48cca06a2e4e2,Oct_28_2020_02:47:02.ml,0,grade
bd7b36bfe8d66f18eea48cca06a2e4e2,Oct_30_2020_03:26:57.ml,0,grade
bd7b36bfe8d66f18eea48cca06a2e4e2,Oct_30_2020_00:01:11.ml,0,grade
bd7b36bfe8d66f18eea48cca06a2e4e2,Oct_31_2020_02:59:26.ml,0,grade
bd7b36bfe8d66f18eea48cca06a2e4e2,Oct_31_2020_01:28:22.ml,0,grade
bd7b36bfe8d66f18eea48cca06a2e4e2,Oct_31_2020_00:25:15.ml,0,grade
bd7b36bfe8d66f18eea48cca06a2e4e2,Oct_30_2020_21:16:37.ml,0,grade
bd7b36bfe8d66f18eea48cca06a2e4e2,Oct_31_2020_01:20:31.ml,0,grade
bd7b36bfe8d66f18eea48cca06a2e4e2,Oct_30_2020_01:37:40.ml,0,grade
bd7b36bfe8d66f18eea48cca06a2e4e2,Oct_30_2020_19:06:01.ml,0,grade
bd7b36bfe8d66f18eea48cca06a2e4e2,Oct_31_2020_00:13:59.ml,0,grade
bd7b36bfe8d66f18eea48cca06a2e4e2,Oct_31_2020_03:03:32.ml,0,grade
bd7b36bfe8d66f18eea48cca06a2e4e2,Oct_29_2020_23:59:25.ml,0,grade
bd7b36bfe8d66f18eea48cca06a2e4e2,Oct_29_2020_23:35:10.ml,0,grade
bd7b36bfe8d66f18eea48cca06a2e4e2,Oct_31_2020_00:32:45.ml,0,grade
bd7b36bfe8d66f18eea48cca06a2e4e2,Oct_30_2020_22:16:32.ml,0,grade
bd7b36bfe8d66f18eea48cca06a2e4e2,Oct_29_2020_22:35:13.ml,0,grade
bd7b36bfe8d66f18eea48cca06a2e4e2,Oct_28_2020_02:40:48.ml,0,grade
bd7b36bfe8d66f18eea48cca06a2e4e2,Oct_30_2020_23:01:00.ml,0,grade
bd7b36bfe8d66f18eea48cca06a2e4e2,Oct_29_2020_22:33:18.ml,0,grade
bd7b36bfe8d66f18eea48cca06a2e4e2,Oct_31_2020_00:22:13.ml,0,grade
bd7b36bfe8d66f18eea48cca06a2e4e2,Oct_31_2020_02:54:37.ml,0,grade
bd7b36bfe8d66f18eea48cca06a2e4e2,Oct_28_2020_03:53:46.ml,0,grade
bd7b36bfe8d66f18eea48cca06a2e4e2,Oct_30_2020_18:09:01.ml,0,grade
bd7b36bfe8d66f18eea48cca06a2e4e2,Oct_28_2020_16:16:03.ml,0,grade
bd7b36bfe8d66f18eea48cca06a2e4e2,Oct_31_2020_00:34:33.ml,0,grade
bd7b36bfe8d66f18eea48cca06a2e4e2,Oct_29_2020_23:26:56.ml,0,grade
bd7b36bfe8d66f18eea48cca06a2e4e2,Oct_31_2020_00:10:05.ml,0,grade
bd7b36bfe8d66f18eea48cca06a2e4e2,Oct_31_2020_03:19:44.ml,0,grade
bd7b36bfe8d66f18eea48cca06a2e4e2,Oct_29_2020_23:06:24.ml,0,grade
bd7b36bfe8d66f18eea48cca06a2e4e2,Oct_31_2020_00:05:20.ml,0,grade
bd7b36bfe8d66f18eea48cca06a2e4e2,Oct_30_2020_18:09:10.ml,0,grade
bd7b36bfe8d66f18eea48cca06a2e4e2,Oct_29_2020_22:31:36.ml,0,grade
bd7b36bfe8d66f18eea48cca06a2e4e2,Oct_31_2020_01:02:45.ml,0,grade
bd7b36bfe8d66f18eea48cca06a2e4e2,Oct_30_2020_19:05:24.ml,0,grade
bd7b36bfe8d66f18eea48cca06a2e4e2,Oct_29_2020_23:46:40.ml,0,grade
bd7b36bfe8d66f18eea48cca06a2e4e2,Oct_28_2020_17:30:33.ml,0,grade
bd7b36bfe8d66f18eea48cca06a2e4e2,Oct_31_2020_00:45:03.ml,0,grade
bd7b36bfe8d66f18eea48cca06a2e4e2,Oct_29_2020_05:25:43.ml,0,grade
bd7b36bfe8d66f18eea48cca06a2e4e2,Oct_31_2020_00:32:02.ml,0,grade
bd7b36bfe8d66f18eea48cca06a2e4e2,Oct_30_2020_19:06:48.ml,0,grade
bd7b36bfe8d66f18eea48cca06a2e4e2,Oct_30_2020_19:07:04.ml,0,grade
bd7b36bfe8d66f18eea48cca06a2e4e2,Oct_29_2020_23:39:40.ml,0,grade
bd7b36bfe8d66f18eea48cca06a2e4e2,Oct_30_2020_01:49:20.ml,0,grade
bd7b36bfe8d66f18eea48cca06a2e4e2,Oct_29_2020_22:06:00.ml,0,grade
bd7b36bfe8d66f18eea48cca06a2e4e2,Oct_29_2020_22:02:12.ml,0,grade
bd7b36bfe8d66f18eea48cca06a2e4e2,Oct_30_2020_03:27:57.ml,0,grade
bd7b36bfe8d66f18eea48cca06a2e4e2,Oct_31_2020_01:09:52.ml,0,grade
bd7b36bfe8d66f18eea48cca06a2e4e2,Oct_30_2020_18:24:08.ml,0,grade
bd7b36bfe8d66f18eea48cca06a2e4e2,Oct_30_2020_18:05:35.ml,0,grade
bd7b36bfe8d66f18eea48cca06a2e4e2,Oct_31_2020_03:01:49.ml,0,grade
bd7b36bfe8d66f18eea48cca06a2e4e2,Oct_29_2020_23:06:01.ml,0,grade
bd7b36bfe8d66f18eea48cca06a2e4e2,Oct_30_2020_01:12:50.ml,0,grade
bd7b36bfe8d66f18eea48cca06a2e4e2,Oct_30_2020_22:54:02.ml,0,grade
bd7b36bfe8d66f18eea48cca06a2e4e2,Oct_29_2020_22:53:51.ml,0,grade
bd7b36bfe8d66f18eea48cca06a2e4e2,Oct_31_2020_00:53:35.ml,0,grade
bd7b36bfe8d66f18eea48cca06a2e4e2,Oct_30_2020_21:19:45.ml,0,grade
bd7b36bfe8d66f18eea48cca06a2e4e2,Oct_30_2020_01:50:55.ml,0,grade
bd7b36bfe8d66f18eea48cca06a2e4e2,Oct_31_2020_00:30:28.ml,0,grade
ae7d1e6aef691b20f960fed4b3c78f72,Oct_30_2020_20:18:36.ml,0,grade
ae7d1e6aef691b20f960fed4b3c78f72,Oct_30_2020_15:08:46.ml,0,grade
ae7d1e6aef691b20f960fed4b3c78f72,Oct_30_2020_19:57:32.ml,0,grade
ae7d1e6aef691b20f960fed4b3c78f72,Oct_30_2020_15:10:50.ml,0,grade
ae7d1e6aef691b20f960fed4b3c78f72,Oct_30_2020_15:12:30.ml,0,grade
ae7d1e6aef691b20f960fed4b3c78f72,Oct_30_2020_16:13:13.ml,0,grade
ae7d1e6aef691b20f960fed4b3c78f72,Oct_30_2020_20:28:26.ml,0,grade
ae7d1e6aef691b20f960fed4b3c78f72,Oct_30_2020_20:57:05.ml,54,grade
ae7d1e6aef691b20f960fed4b3c78f72,Oct_30_2020_20:26:25.ml,0,grade
ae7d1e6aef691b20f960fed4b3c78f72,Oct_30_2020_15:12:53.ml,0,grade
ae7d1e6aef691b20f960fed4b3c78f72,Oct_30_2020_20:05:42.ml,0,grade
ae7d1e6aef691b20f960fed4b3c78f72,Oct_30_2020_15:11:12.ml,0,grade
ae7d1e6aef691b20f960fed4b3c78f72,Oct_30_2020_14:59:25.ml,0,grade
ae7d1e6aef691b20f960fed4b3c78f72,Oct_30_2020_20:06:23.ml,0,grade
ae7d1e6aef691b20f960fed4b3c78f72,Oct_30_2020_15:13:38.ml,0,grade
ae7d1e6aef691b20f960fed4b3c78f72,Oct_30_2020_14:52:50.ml,0,grade
ae7d1e6aef691b20f960fed4b3c78f72,Oct_30_2020_02:28:27.ml,0,grade
ae7d1e6aef691b20f960fed4b3c78f72,Oct_30_2020_15:11:35.ml,0,grade
ae7d1e6aef691b20f960fed4b3c78f72,Oct_30_2020_20:05:03.ml,0,grade
ae7d1e6aef691b20f960fed4b3c78f72,Oct_30_2020_20:30:31.ml,0,grade
ae7d1e6aef691b20f960fed4b3c78f72,Oct_30_2020_20:09:28.ml,0,grade
ae7d1e6aef691b20f960fed4b3c78f72,Oct_30_2020_20:20:53.ml,0,grade
ae7d1e6aef691b20f960fed4b3c78f72,Oct_30_2020_14:57:00.ml,0,grade
ae7d1e6aef691b20f960fed4b3c78f72,Oct_30_2020_20:54:30.ml,46,grade
ae7d1e6aef691b20f960fed4b3c78f72,Oct_30_2020_02:20:22.ml,0,grade
e44b4c849550a0da76b17f1cb758e6df,Oct_29_2020_15:19:11.ml,0,grade
e44b4c849550a0da76b17f1cb758e6df,Oct_29_2020_22:49:41.ml,0,grade
e44b4c849550a0da76b17f1cb758e6df,Oct_29_2020_15:19:51.ml,0,grade
e44b4c849550a0da76b17f1cb758e6df,Oct_29_2020_15:17:28.ml,0,grade
e44b4c849550a0da76b17f1cb758e6df,Oct_29_2020_20:22:59.ml,0,grade
e44b4c849550a0da76b17f1cb758e6df,Oct_29_2020_21:32:56.ml,0,grade
e44b4c849550a0da76b17f1cb758e6df,Oct_29_2020_22:50:20.ml,0,grade
e44b4c849550a0da76b17f1cb758e6df,Oct_29_2020_21:49:47.ml,0,grade
e44b4c849550a0da76b17f1cb758e6df,Oct_29_2020_20:09:29.ml,0,grade
e44b4c849550a0da76b17f1cb758e6df,Oct_29_2020_21:47:33.ml,0,grade
e44b4c849550a0da76b17f1cb758e6df,Oct_29_2020_23:17:07.ml,54,grade
e44b4c849550a0da76b17f1cb758e6df,Oct_29_2020_20:24:30.ml,0,grade
e44b4c849550a0da76b17f1cb758e6df,Oct_29_2020_20:12:30.ml,0,grade
e44b4c849550a0da76b17f1cb758e6df,Oct_29_2020_23:12:16.ml,54,grade
e44b4c849550a0da76b17f1cb758e6df,Oct_29_2020_20:40:30.ml,0,grade
e44b4c849550a0da76b17f1cb758e6df,Oct_29_2020_15:10:55.ml,0,grade
e44b4c849550a0da76b17f1cb758e6df,Oct_29_2020_20:26:49.ml,0,grade
e44b4c849550a0da76b17f1cb758e6df,Oct_29_2020_21:47:15.ml,0,grade
e44b4c849550a0da76b17f1cb758e6df,Oct_29_2020_20:05:31.ml,0,grade
5fff95625d28af84424508b6c32c0e68,Oct_25_2020_08:07:28.ml,0,grade
5fff95625d28af84424508b6c32c0e68,Oct_25_2020_05:17:23.ml,0,grade
5fff95625d28af84424508b6c32c0e68,Oct_23_2020_22:08:03.ml,0,grade
5fff95625d28af84424508b6c32c0e68,Oct_25_2020_07:40:59.ml,0,grade
5fff95625d28af84424508b6c32c0e68,Oct_25_2020_23:51:17.ml,54,grade
5fff95625d28af84424508b6c32c0e68,Oct_23_2020_20:52:48.ml,0,grade
5fff95625d28af84424508b6c32c0e68,Oct_25_2020_06:21:56.ml,0,grade
5fff95625d28af84424508b6c32c0e68,Oct_25_2020_07:42:03.ml,0,grade
5fff95625d28af84424508b6c32c0e68,Oct_23_2020_20:51:38.ml,0,grade
5fff95625d28af84424508b6c32c0e68,Oct_25_2020_07:55:15.ml,0,grade
5fff95625d28af84424508b6c32c0e68,Oct_23_2020_20:50:34.ml,0,grade
5fff95625d28af84424508b6c32c0e68,Oct_25_2020_08:09:45.ml,0,grade
5fff95625d28af84424508b6c32c0e68,Oct_25_2020_07:41:46.ml,0,grade
5fff95625d28af84424508b6c32c0e68,Oct_25_2020_05:16:00.ml,0,grade
5fff95625d28af84424508b6c32c0e68,Oct_25_2020_07:03:30.ml,0,grade
5fff95625d28af84424508b6c32c0e68,Oct_25_2020_05:14:03.ml,0,grade
5fff95625d28af84424508b6c32c0e68,Oct_25_2020_21:49:55.ml,54,grade
5fff95625d28af84424508b6c32c0e68,Oct_25_2020_06:20:02.ml,0,grade
ad751a1d17a48592f22bcc68492f335f,Oct_30_2020_11:47:23.ml,0,grade
ad751a1d17a48592f22bcc68492f335f,Oct_30_2020_13:43:47.ml,0,grade
ad751a1d17a48592f22bcc68492f335f,Oct_30_2020_15:16:40.ml,0,grade
ad751a1d17a48592f22bcc68492f335f,Oct_30_2020_14:12:41.ml,0,grade
ad751a1d17a48592f22bcc68492f335f,Oct_30_2020_14:14:39.ml,0,grade
ad751a1d17a48592f22bcc68492f335f,Oct_29_2020_17:49:29.ml,0,grade
ad751a1d17a48592f22bcc68492f335f,Oct_29_2020_03:31:56.ml,0,grade
ad751a1d17a48592f22bcc68492f335f,Oct_30_2020_15:05:49.ml,0,grade
ad751a1d17a48592f22bcc68492f335f,Oct_30_2020_14:10:45.ml,0,grade
ad751a1d17a48592f22bcc68492f335f,Oct_30_2020_15:41:45.ml,54,grade
ad751a1d17a48592f22bcc68492f335f,Oct_30_2020_15:09:26.ml,0,grade
ad751a1d17a48592f22bcc68492f335f,Oct_30_2020_17:22:26.ml,54,grade
ad751a1d17a48592f22bcc68492f335f,Oct_29_2020_02:01:13.ml,0,grade
ad751a1d17a48592f22bcc68492f335f,Oct_29_2020_02:05:05.ml,0,grade
ad751a1d17a48592f22bcc68492f335f,Oct_29_2020_17:47:51.ml,0,grade
ad751a1d17a48592f22bcc68492f335f,Oct_30_2020_14:41:13.ml,0,grade
6216de078faa53b915b7c3eb59a7b998,Oct_30_2020_16:24:21.ml,0,grade
6216de078faa53b915b7c3eb59a7b998,Oct_30_2020_22:28:14.ml,0,grade
6216de078faa53b915b7c3eb59a7b998,Oct_26_2020_13:46:42.ml,0,grade
6216de078faa53b915b7c3eb59a7b998,Oct_30_2020_16:21:36.ml,0,grade
6216de078faa53b915b7c3eb59a7b998,Oct_30_2020_16:17:35.ml,0,grade
6216de078faa53b915b7c3eb59a7b998,Oct_30_2020_21:23:20.ml,0,grade
6216de078faa53b915b7c3eb59a7b998,Oct_30_2020_22:20:22.ml,0,grade
6216de078faa53b915b7c3eb59a7b998,Oct_30_2020_16:15:02.ml,0,grade
6216de078faa53b915b7c3eb59a7b998,Oct_30_2020_16:26:11.ml,0,grade
6216de078faa53b915b7c3eb59a7b998,Oct_30_2020_22:13:02.ml,0,grade
6216de078faa53b915b7c3eb59a7b998,Oct_26_2020_13:44:59.ml,0,grade
6216de078faa53b915b7c3eb59a7b998,Oct_30_2020_22:21:49.ml,0,grade
6216de078faa53b915b7c3eb59a7b998,Oct_26_2020_14:13:23.ml,0,grade
6216de078faa53b915b7c3eb59a7b998,Oct_26_2020_14:28:26.ml,0,grade
6216de078faa53b915b7c3eb59a7b998,Oct_30_2020_22:41:02.ml,54,grade
6216de078faa53b915b7c3eb59a7b998,Oct_30_2020_22:38:09.ml,53,grade
6216de078faa53b915b7c3eb59a7b998,Oct_26_2020_15:42:53.ml,0,grade
6216de078faa53b915b7c3eb59a7b998,Oct_30_2020_16:12:30.ml,0,grade
6216de078faa53b915b7c3eb59a7b998,Oct_26_2020_15:40:06.ml,0,grade
2e8b67ff6ec42ca2a35065901de07638,Oct_30_2020_03:21:33.ml,0,grade
2e8b67ff6ec42ca2a35065901de07638,Oct_29_2020_00:58:15.ml,0,grade
2e8b67ff6ec42ca2a35065901de07638,Oct_29_2020_04:35:45.ml,0,grade
2e8b67ff6ec42ca2a35065901de07638,Oct_30_2020_20:51:04.ml,0,grade
2e8b67ff6ec42ca2a35065901de07638,Oct_30_2020_20:55:37.ml,0,grade
2e8b67ff6ec42ca2a35065901de07638,Oct_30_2020_20:43:17.ml,0,grade
2e8b67ff6ec42ca2a35065901de07638,Oct_30_2020_03:09:19.ml,0,grade
2e8b67ff6ec42ca2a35065901de07638,Oct_28_2020_23:23:59.ml,0,grade
2e8b67ff6ec42ca2a35065901de07638,Oct_30_2020_18:23:45.ml,0,grade
2e8b67ff6ec42ca2a35065901de07638,Oct_30_2020_18:26:30.ml,0,grade
2e8b67ff6ec42ca2a35065901de07638,Oct_30_2020_19:49:42.ml,0,grade
2e8b67ff6ec42ca2a35065901de07638,Oct_29_2020_04:39:46.ml,0,grade
2e8b67ff6ec42ca2a35065901de07638,Oct_29_2020_03:38:27.ml,0,grade
2e8b67ff6ec42ca2a35065901de07638,Oct_30_2020_17:45:24.ml,0,grade
2e8b67ff6ec42ca2a35065901de07638,Oct_30_2020_19:11:56.ml,0,grade
2e8b67ff6ec42ca2a35065901de07638,Oct_29_2020_22:30:21.ml,0,grade
2e8b67ff6ec42ca2a35065901de07638,Oct_29_2020_03:33:37.ml,0,grade
2e8b67ff6ec42ca2a35065901de07638,Oct_30_2020_21:12:54.ml,54,grade
2e8b67ff6ec42ca2a35065901de07638,Oct_30_2020_01:57:53.ml,0,grade
2e8b67ff6ec42ca2a35065901de07638,Oct_30_2020_21:12:05.ml,54,grade
2e8b67ff6ec42ca2a35065901de07638,Oct_28_2020_23:22:21.ml,0,grade
2e8b67ff6ec42ca2a35065901de07638,Oct_30_2020_02:02:25.ml,0,grade
2e8b67ff6ec42ca2a35065901de07638,Oct_30_2020_20:28:33.ml,0,grade
2e8b67ff6ec42ca2a35065901de07638,Oct_30_2020_20:54:08.ml,0,grade
2e8b67ff6ec42ca2a35065901de07638,Oct_30_2020_21:10:57.ml,54,grade
2e8b67ff6ec42ca2a35065901de07638,Oct_30_2020_20:20:07.ml,0,grade
2e8b67ff6ec42ca2a35065901de07638,Oct_30_2020_18:02:19.ml,0,grade
2e8b67ff6ec42ca2a35065901de07638,Oct_30_2020_20:37:59.ml,0,grade
2e8b67ff6ec42ca2a35065901de07638,Oct_30_2020_06:35:05.ml,0,grade
2e8b67ff6ec42ca2a35065901de07638,Oct_30_2020_03:07:14.ml,0,grade
2e8b67ff6ec42ca2a35065901de07638,Oct_30_2020_20:47:42.ml,0,grade
2e8b67ff6ec42ca2a35065901de07638,Oct_30_2020_20:29:44.ml,0,grade
2e8b67ff6ec42ca2a35065901de07638,Oct_30_2020_20:52:49.ml,0,grade
2e8b67ff6ec42ca2a35065901de07638,Oct_28_2020_23:55:49.ml,0,grade
dad0ff1ef129748fdedf263b684855c5,Oct_31_2020_01:21:46.ml,54,grade
dad0ff1ef129748fdedf263b684855c5,Oct_31_2020_02:47:15.ml,54,grade
dad0ff1ef129748fdedf263b684855c5,Oct_30_2020_23:18:05.ml,0,grade
dad0ff1ef129748fdedf263b684855c5,Oct_30_2020_04:01:45.ml,0,grade
dad0ff1ef129748fdedf263b684855c5,Oct_30_2020_23:53:41.ml,0,grade
dad0ff1ef129748fdedf263b684855c5,Oct_30_2020_23:56:28.ml,0,grade
dad0ff1ef129748fdedf263b684855c5,Oct_30_2020_23:53:03.ml,0,grade
dad0ff1ef129748fdedf263b684855c5,Oct_31_2020_01:06:47.ml,49,grade
dad0ff1ef129748fdedf263b684855c5,Oct_30_2020_23:23:30.ml,0,grade
dad0ff1ef129748fdedf263b684855c5,Oct_31_2020_00:10:18.ml,0,grade
dad0ff1ef129748fdedf263b684855c5,Oct_30_2020_23:59:06.ml,0,grade
dad0ff1ef129748fdedf263b684855c5,Oct_31_2020_02:20:19.ml,54,grade
dad0ff1ef129748fdedf263b684855c5,Oct_31_2020_02:59:12.ml,54,grade
dad0ff1ef129748fdedf263b684855c5,Oct_30_2020_04:42:15.ml,0,grade
dad0ff1ef129748fdedf263b684855c5,Oct_31_2020_01:07:02.ml,49,grade
dad0ff1ef129748fdedf263b684855c5,Oct_30_2020_22:58:05.ml,0,grade
dad0ff1ef129748fdedf263b684855c5,Oct_31_2020_01:04:05.ml,46,grade
dad0ff1ef129748fdedf263b684855c5,Oct_30_2020_06:23:38.ml,0,grade
dad0ff1ef129748fdedf263b684855c5,Oct_30_2020_23:54:38.ml,0,grade
dad0ff1ef129748fdedf263b684855c5,Oct_31_2020_01:25:46.ml,54,grade
dad0ff1ef129748fdedf263b684855c5,Oct_31_2020_03:13:21.ml,54,grade
dad0ff1ef129748fdedf263b684855c5,Oct_29_2020_22:00:29.ml,0,grade
dad0ff1ef129748fdedf263b684855c5,Oct_31_2020_00:03:23.ml,0,grade
dad0ff1ef129748fdedf263b684855c5,Oct_31_2020_00:11:21.ml,0,grade
dad0ff1ef129748fdedf263b684855c5,Oct_29_2020_22:10:45.ml,0,grade
dad0ff1ef129748fdedf263b684855c5,Oct_31_2020_03:10:27.ml,54,grade
dad0ff1ef129748fdedf263b684855c5,Oct_30_2020_20:47:21.ml,0,grade
dad0ff1ef129748fdedf263b684855c5,Oct_30_2020_20:46:44.ml,0,grade
dad0ff1ef129748fdedf263b684855c5,Oct_30_2020_20:54:57.ml,0,grade
dad0ff1ef129748fdedf263b684855c5,Oct_31_2020_03:06:23.ml,54,grade
dad0ff1ef129748fdedf263b684855c5,Oct_30_2020_04:46:32.ml,0,grade
dad0ff1ef129748fdedf263b684855c5,Oct_31_2020_02:30:45.ml,54,grade
dad0ff1ef129748fdedf263b684855c5,Oct_31_2020_03:25:31.ml,54,grade
dad0ff1ef129748fdedf263b684855c5,Oct_30_2020_04:44:19.ml,0,grade
dad0ff1ef129748fdedf263b684855c5,Oct_29_2020_22:03:00.ml,0,grade
dad0ff1ef129748fdedf263b684855c5,Oct_30_2020_22:39:53.ml,0,grade
dad0ff1ef129748fdedf263b684855c5,Oct_31_2020_03:12:04.ml,40,grade
dad0ff1ef129748fdedf263b684855c5,Oct_30_2020_23:57:53.ml,0,grade
dad0ff1ef129748fdedf263b684855c5,Oct_30_2020_23:52:40.ml,0,grade
dad0ff1ef129748fdedf263b684855c5,Oct_31_2020_02:29:59.ml,54,grade
dad0ff1ef129748fdedf263b684855c5,Oct_31_2020_03:05:08.ml,54,grade
dad0ff1ef129748fdedf263b684855c5,Oct_29_2020_22:14:47.ml,0,grade
dad0ff1ef129748fdedf263b684855c5,Oct_31_2020_02:46:18.ml,54,grade
dad0ff1ef129748fdedf263b684855c5,Oct_31_2020_03:05:53.ml,54,grade
dad0ff1ef129748fdedf263b684855c5,Oct_31_2020_00:05:52.ml,0,grade
dad0ff1ef129748fdedf263b684855c5,Oct_29_2020_22:01:39.ml,0,grade
dad0ff1ef129748fdedf263b684855c5,Oct_31_2020_02:12:50.ml,54,grade
dad0ff1ef129748fdedf263b684855c5,Oct_30_2020_04:20:50.ml,0,grade
dad0ff1ef129748fdedf263b684855c5,Oct_29_2020_22:08:55.ml,0,grade
dad0ff1ef129748fdedf263b684855c5,Oct_31_2020_02:40:39.ml,54,grade
dad0ff1ef129748fdedf263b684855c5,Oct_31_2020_02:26:28.ml,54,grade
dad0ff1ef129748fdedf263b684855c5,Oct_31_2020_03:02:34.ml,54,grade
dad0ff1ef129748fdedf263b684855c5,Oct_30_2020_22:56:42.ml,0,grade
dad0ff1ef129748fdedf263b684855c5,Oct_31_2020_01:17:30.ml,54,grade
dad0ff1ef129748fdedf263b684855c5,Oct_30_2020_04:12:00.ml,0,grade
dad0ff1ef129748fdedf263b684855c5,Oct_30_2020_20:43:51.ml,0,grade
dad0ff1ef129748fdedf263b684855c5,Oct_30_2020_04:45:10.ml,0,grade
dad0ff1ef129748fdedf263b684855c5,Oct_31_2020_00:36:11.ml,0,grade
dad0ff1ef129748fdedf263b684855c5,Oct_29_2020_22:07:17.ml,0,grade
dad0ff1ef129748fdedf263b684855c5,Oct_30_2020_20:49:52.ml,0,grade
dad0ff1ef129748fdedf263b684855c5,Oct_30_2020_06:11:31.ml,0,grade
dad0ff1ef129748fdedf263b684855c5,Oct_31_2020_00:11:03.ml,0,grade
dad0ff1ef129748fdedf263b684855c5,Oct_30_2020_20:48:40.ml,0,grade
dad0ff1ef129748fdedf263b684855c5,Oct_30_2020_20:53:11.ml,0,grade
dad0ff1ef129748fdedf263b684855c5,Oct_29_2020_22:41:10.ml,0,grade
dad0ff1ef129748fdedf263b684855c5,Oct_30_2020_20:51:43.ml,0,grade
dad0ff1ef129748fdedf263b684855c5,Oct_29_2020_22:39:38.ml,0,grade
dad0ff1ef129748fdedf263b684855c5,Oct_31_2020_02:16:04.ml,54,grade
dad0ff1ef129748fdedf263b684855c5,Oct_30_2020_04:34:40.ml,0,grade
dad0ff1ef129748fdedf263b684855c5,Oct_29_2020_22:02:01.ml,0,grade
dad0ff1ef129748fdedf263b684855c5,Oct_30_2020_20:53:37.ml,0,grade
dad0ff1ef129748fdedf263b684855c5,Oct_31_2020_00:04:28.ml,0,grade
dad0ff1ef129748fdedf263b684855c5,Oct_31_2020_01:18:22.ml,54,grade
dad0ff1ef129748fdedf263b684855c5,Oct_29_2020_22:09:25.ml,0,grade
dad0ff1ef129748fdedf263b684855c5,Oct_31_2020_02:23:52.ml,54,grade
dad0ff1ef129748fdedf263b684855c5,Oct_29_2020_22:16:00.ml,0,grade
dad0ff1ef129748fdedf263b684855c5,Oct_29_2020_21:47:15.ml,0,grade
dad0ff1ef129748fdedf263b684855c5,Oct_30_2020_04:26:47.ml,0,grade
dad0ff1ef129748fdedf263b684855c5,Oct_31_2020_03:12:30.ml,54,grade
dad0ff1ef129748fdedf263b684855c5,Oct_29_2020_22:10:05.ml,0,grade
61d5d7add8610b18a2806e299f4e9b9e,Oct_26_2020_03:39:06.ml,0,grade
61d5d7add8610b18a2806e299f4e9b9e,Oct_26_2020_03:38:14.ml,0,grade
61d5d7add8610b18a2806e299f4e9b9e,Oct_26_2020_02:16:06.ml,0,grade
61d5d7add8610b18a2806e299f4e9b9e,Oct_26_2020_02:35:35.ml,0,grade
61d5d7add8610b18a2806e299f4e9b9e,Oct_26_2020_03:10:58.ml,0,grade
61d5d7add8610b18a2806e299f4e9b9e,Oct_26_2020_02:46:03.ml,0,grade
61d5d7add8610b18a2806e299f4e9b9e,Oct_26_2020_02:16:17.ml,0,grade
61d5d7add8610b18a2806e299f4e9b9e,Oct_26_2020_03:10:16.ml,0,grade
61d5d7add8610b18a2806e299f4e9b9e,Oct_25_2020_19:22:47.ml,0,grade
61d5d7add8610b18a2806e299f4e9b9e,Oct_26_2020_03:00:22.ml,0,grade
61d5d7add8610b18a2806e299f4e9b9e,Oct_26_2020_02:59:15.ml,0,grade
61d5d7add8610b18a2806e299f4e9b9e,Oct_26_2020_03:40:16.ml,0,grade
61d5d7add8610b18a2806e299f4e9b9e,Oct_26_2020_02:38:18.ml,0,grade
61d5d7add8610b18a2806e299f4e9b9e,Oct_26_2020_02:15:58.ml,0,grade
61d5d7add8610b18a2806e299f4e9b9e,Oct_26_2020_03:09:34.ml,0,grade
61d5d7add8610b18a2806e299f4e9b9e,Oct_26_2020_03:42:24.ml,0,grade
61d5d7add8610b18a2806e299f4e9b9e,Oct_26_2020_02:11:36.ml,0,grade
61d5d7add8610b18a2806e299f4e9b9e,Oct_26_2020_03:40:31.ml,0,grade
61d5d7add8610b18a2806e299f4e9b9e,Oct_26_2020_03:09:17.ml,0,grade
61d5d7add8610b18a2806e299f4e9b9e,Oct_26_2020_03:37:55.ml,0,grade
61d5d7add8610b18a2806e299f4e9b9e,Oct_26_2020_03:00:34.ml,0,grade
61d5d7add8610b18a2806e299f4e9b9e,Oct_26_2020_02:38:26.ml,0,grade
61d5d7add8610b18a2806e299f4e9b9e,Oct_26_2020_02:08:34.ml,0,grade
61d5d7add8610b18a2806e299f4e9b9e,Oct_26_2020_02:19:03.ml,0,grade
61d5d7add8610b18a2806e299f4e9b9e,Oct_26_2020_03:07:50.ml,0,grade
61d5d7add8610b18a2806e299f4e9b9e,Oct_26_2020_03:00:50.ml,0,grade
61d5d7add8610b18a2806e299f4e9b9e,Oct_25_2020_19:21:17.ml,0,grade
61d5d7add8610b18a2806e299f4e9b9e,Oct_26_2020_03:37:26.ml,0,grade
61d5d7add8610b18a2806e299f4e9b9e,Oct_26_2020_03:11:10.ml,0,grade
61d5d7add8610b18a2806e299f4e9b9e,Oct_29_2020_21:18:31.ml,54,grade
61d5d7add8610b18a2806e299f4e9b9e,Oct_26_2020_03:09:58.ml,0,grade
61d5d7add8610b18a2806e299f4e9b9e,Oct_26_2020_02:47:38.ml,0,grade
61d5d7add8610b18a2806e299f4e9b9e,Oct_26_2020_02:15:15.ml,0,grade
61d5d7add8610b18a2806e299f4e9b9e,Oct_26_2020_03:54:45.ml,54,grade
61d5d7add8610b18a2806e299f4e9b9e,Oct_26_2020_03:42:48.ml,0,grade
61d5d7add8610b18a2806e299f4e9b9e,Oct_26_2020_03:45:53.ml,0,grade
61d5d7add8610b18a2806e299f4e9b9e,Oct_25_2020_16:19:40.ml,0,grade
61d5d7add8610b18a2806e299f4e9b9e,Oct_26_2020_02:46:19.ml,0,grade
61d5d7add8610b18a2806e299f4e9b9e,Oct_26_2020_03:05:03.ml,0,grade
61d5d7add8610b18a2806e299f4e9b9e,Oct_26_2020_02:40:07.ml,0,grade
61d5d7add8610b18a2806e299f4e9b9e,Oct_26_2020_03:01:25.ml,0,grade
61d5d7add8610b18a2806e299f4e9b9e,Oct_25_2020_19:56:38.ml,0,grade
61d5d7add8610b18a2806e299f4e9b9e,Oct_26_2020_03:40:00.ml,0,grade
61d5d7add8610b18a2806e299f4e9b9e,Oct_26_2020_03:46:15.ml,0,grade
61d5d7add8610b18a2806e299f4e9b9e,Oct_26_2020_03:09:08.ml,0,grade
61d5d7add8610b18a2806e299f4e9b9e,Oct_26_2020_02:47:12.ml,0,grade
61d5d7add8610b18a2806e299f4e9b9e,Oct_26_2020_02:47:01.ml,0,grade
61d5d7add8610b18a2806e299f4e9b9e,Oct_26_2020_03:02:23.ml,0,grade
61d5d7add8610b18a2806e299f4e9b9e,Oct_25_2020_16:11:00.ml,0,grade
61d5d7add8610b18a2806e299f4e9b9e,Oct_26_2020_02:53:04.ml,0,grade
61d5d7add8610b18a2806e299f4e9b9e,Oct_26_2020_02:37:39.ml,0,grade
61d5d7add8610b18a2806e299f4e9b9e,Oct_26_2020_02:40:45.ml,0,grade
61d5d7add8610b18a2806e299f4e9b9e,Oct_26_2020_03:07:36.ml,0,grade
61d5d7add8610b18a2806e299f4e9b9e,Oct_25_2020_19:57:12.ml,0,grade
0d34c304d6b11a4c1c55a7c466cea30d,Oct_30_2020_21:47:45.ml,20,grade
0d34c304d6b11a4c1c55a7c466cea30d,Oct_30_2020_23:42:51.ml,20,grade
0d34c304d6b11a4c1c55a7c466cea30d,Oct_30_2020_21:45:48.ml,20,grade
0d34c304d6b11a4c1c55a7c466cea30d,Oct_31_2020_00:22:35.ml,52,grade
0d34c304d6b11a4c1c55a7c466cea30d,Oct_30_2020_13:19:37.ml,0,grade
0d34c304d6b11a4c1c55a7c466cea30d,Oct_30_2020_21:16:45.ml,0,grade
0d34c304d6b11a4c1c55a7c466cea30d,Oct_30_2020_23:21:33.ml,20,grade
0d34c304d6b11a4c1c55a7c466cea30d,Oct_30_2020_16:12:18.ml,0,grade
0d34c304d6b11a4c1c55a7c466cea30d,Oct_30_2020_22:46:44.ml,20,grade
0d34c304d6b11a4c1c55a7c466cea30d,Oct_30_2020_12:55:04.ml,0,grade
0d34c304d6b11a4c1c55a7c466cea30d,Oct_30_2020_21:36:54.ml,20,grade
0d34c304d6b11a4c1c55a7c466cea30d,Oct_30_2020_23:58:25.ml,20,grade
0d34c304d6b11a4c1c55a7c466cea30d,Oct_30_2020_21:15:39.ml,0,grade
0d34c304d6b11a4c1c55a7c466cea30d,Oct_31_2020_00:24:09.ml,54,grade
0d34c304d6b11a4c1c55a7c466cea30d,Oct_30_2020_21:25:37.ml,0,grade
0d34c304d6b11a4c1c55a7c466cea30d,Oct_30_2020_16:09:10.ml,0,grade
0d34c304d6b11a4c1c55a7c466cea30d,Oct_30_2020_13:20:13.ml,0,grade
0d34c304d6b11a4c1c55a7c466cea30d,Oct_30_2020_23:09:54.ml,20,grade
0d34c304d6b11a4c1c55a7c466cea30d,Oct_30_2020_21:18:33.ml,0,grade
0d34c304d6b11a4c1c55a7c466cea30d,Oct_30_2020_21:38:42.ml,20,grade
0d34c304d6b11a4c1c55a7c466cea30d,Oct_30_2020_23:11:18.ml,20,grade
0d34c304d6b11a4c1c55a7c466cea30d,Oct_30_2020_16:11:11.ml,0,grade
0d34c304d6b11a4c1c55a7c466cea30d,Oct_30_2020_14:51:43.ml,0,grade
0d34c304d6b11a4c1c55a7c466cea30d,Oct_30_2020_23:40:29.ml,20,grade
0d34c304d6b11a4c1c55a7c466cea30d,Oct_30_2020_23:13:43.ml,20,grade
0d34c304d6b11a4c1c55a7c466cea30d,Oct_30_2020_13:21:01.ml,0,grade
0d34c304d6b11a4c1c55a7c466cea30d,Oct_30_2020_23:57:33.ml,20,grade
0d34c304d6b11a4c1c55a7c466cea30d,Oct_30_2020_22:39:31.ml,20,grade
0d34c304d6b11a4c1c55a7c466cea30d,Oct_31_2020_00:00:49.ml,20,grade
0d34c304d6b11a4c1c55a7c466cea30d,Oct_30_2020_13:06:58.ml,0,grade
0d34c304d6b11a4c1c55a7c466cea30d,Oct_30_2020_23:51:07.ml,20,grade
0d34c304d6b11a4c1c55a7c466cea30d,Oct_30_2020_21:26:54.ml,0,grade
0d34c304d6b11a4c1c55a7c466cea30d,Oct_30_2020_21:10:05.ml,0,grade
0d34c304d6b11a4c1c55a7c466cea30d,Oct_30_2020_18:53:08.ml,0,grade
0d34c304d6b11a4c1c55a7c466cea30d,Oct_30_2020_13:07:53.ml,0,grade
0d34c304d6b11a4c1c55a7c466cea30d,Oct_30_2020_13:21:24.ml,0,grade
0d34c304d6b11a4c1c55a7c466cea30d,Oct_30_2020_16:05:20.ml,0,grade
0d34c304d6b11a4c1c55a7c466cea30d,Oct_30_2020_23:48:54.ml,20,grade
0d34c304d6b11a4c1c55a7c466cea30d,Oct_30_2020_23:59:39.ml,20,grade
0d34c304d6b11a4c1c55a7c466cea30d,Oct_30_2020_20:59:28.ml,0,grade
0d34c304d6b11a4c1c55a7c466cea30d,Oct_30_2020_23:46:38.ml,20,grade
0d34c304d6b11a4c1c55a7c466cea30d,Oct_31_2020_00:22:05.ml,52,grade
0d34c304d6b11a4c1c55a7c466cea30d,Oct_30_2020_13:05:16.ml,0,grade
0d34c304d6b11a4c1c55a7c466cea30d,Oct_30_2020_21:18:10.ml,0,grade
0d34c304d6b11a4c1c55a7c466cea30d,Oct_30_2020_13:16:00.ml,0,grade
4f77ac213cf0ae0db5b72807a24c91d2,Oct_24_2020_12:31:02.ml,0,grade
4f77ac213cf0ae0db5b72807a24c91d2,Oct_25_2020_06:27:25.ml,0,grade
4f77ac213cf0ae0db5b72807a24c91d2,Oct_25_2020_06:33:16.ml,0,grade
4f77ac213cf0ae0db5b72807a24c91d2,Oct_30_2020_15:44:21.ml,54,grade
4f77ac213cf0ae0db5b72807a24c91d2,Oct_24_2020_11:30:06.ml,0,grade
4f77ac213cf0ae0db5b72807a24c91d2,Oct_25_2020_06:36:28.ml,0,grade
4f77ac213cf0ae0db5b72807a24c91d2,Oct_24_2020_12:26:18.ml,0,grade
4f77ac213cf0ae0db5b72807a24c91d2,Oct_24_2020_11:56:45.ml,0,grade
4f77ac213cf0ae0db5b72807a24c91d2,Oct_25_2020_00:51:40.ml,0,grade
4f77ac213cf0ae0db5b72807a24c91d2,Oct_30_2020_15:24:16.ml,50,grade
4f77ac213cf0ae0db5b72807a24c91d2,Oct_24_2020_12:28:25.ml,0,grade
4f77ac213cf0ae0db5b72807a24c91d2,Oct_30_2020_04:50:38.ml,0,grade
4f77ac213cf0ae0db5b72807a24c91d2,Oct_30_2020_15:35:29.ml,34,grade
4f77ac213cf0ae0db5b72807a24c91d2,Oct_30_2020_15:33:52.ml,34,grade
4f77ac213cf0ae0db5b72807a24c91d2,Oct_24_2020_05:10:01.ml,0,grade
4f77ac213cf0ae0db5b72807a24c91d2,Oct_25_2020_06:42:13.ml,0,grade
4f77ac213cf0ae0db5b72807a24c91d2,Oct_30_2020_15:38:49.ml,34,grade
76dcfda84c0890ca135f54d51a2d27e0,Oct_30_2020_03:49:37.ml,0,grade
76dcfda84c0890ca135f54d51a2d27e0,Oct_30_2020_03:42:27.ml,0,grade
76dcfda84c0890ca135f54d51a2d27e0,Oct_30_2020_20:36:39.ml,0,grade
76dcfda84c0890ca135f54d51a2d27e0,Oct_30_2020_05:31:21.ml,0,grade
76dcfda84c0890ca135f54d51a2d27e0,Oct_30_2020_03:48:12.ml,0,grade
76dcfda84c0890ca135f54d51a2d27e0,Oct_30_2020_03:49:24.ml,0,grade
76dcfda84c0890ca135f54d51a2d27e0,Oct_30_2020_03:34:47.ml,0,grade
188b3d7450a9fa023103bbf571702c5e,Oct_27_2020_22:15:11.ml,20,grade
188b3d7450a9fa023103bbf571702c5e,Oct_27_2020_21:13:10.ml,20,grade
188b3d7450a9fa023103bbf571702c5e,Oct_26_2020_22:57:30.ml,20,grade
188b3d7450a9fa023103bbf571702c5e,Oct_27_2020_21:15:29.ml,20,grade
188b3d7450a9fa023103bbf571702c5e,Oct_23_2020_16:32:00.ml,0,grade
188b3d7450a9fa023103bbf571702c5e,Oct_27_2020_02:40:11.ml,20,grade
188b3d7450a9fa023103bbf571702c5e,Oct_27_2020_01:22:29.ml,20,grade
188b3d7450a9fa023103bbf571702c5e,Oct_27_2020_02:39:05.ml,20,grade
188b3d7450a9fa023103bbf571702c5e,Oct_31_2020_02:57:12.ml,54,grade
188b3d7450a9fa023103bbf571702c5e,Oct_27_2020_02:13:01.ml,20,grade
188b3d7450a9fa023103bbf571702c5e,Oct_31_2020_01:34:43.ml,54,grade
188b3d7450a9fa023103bbf571702c5e,Oct_25_2020_21:22:32.ml,20,grade
188b3d7450a9fa023103bbf571702c5e,Oct_30_2020_22:28:30.ml,54,grade
188b3d7450a9fa023103bbf571702c5e,Oct_28_2020_18:39:30.ml,54,grade
188b3d7450a9fa023103bbf571702c5e,Oct_30_2020_22:51:23.ml,54,grade
188b3d7450a9fa023103bbf571702c5e,Oct_27_2020_21:35:41.ml,20,grade
188b3d7450a9fa023103bbf571702c5e,Oct_27_2020_02:13:29.ml,20,grade
188b3d7450a9fa023103bbf571702c5e,Oct_27_2020_02:06:17.ml,20,grade
188b3d7450a9fa023103bbf571702c5e,Oct_30_2020_22:37:24.ml,54,grade
188b3d7450a9fa023103bbf571702c5e,Oct_23_2020_16:28:48.ml,0,grade
188b3d7450a9fa023103bbf571702c5e,Oct_31_2020_03:10:05.ml,54,grade
188b3d7450a9fa023103bbf571702c5e,Oct_23_2020_16:32:47.ml,0,grade
188b3d7450a9fa023103bbf571702c5e,Oct_23_2020_16:11:48.ml,0,grade
188b3d7450a9fa023103bbf571702c5e,Oct_27_2020_03:09:35.ml,20,grade
188b3d7450a9fa023103bbf571702c5e,Oct_26_2020_01:33:05.ml,20,grade
188b3d7450a9fa023103bbf571702c5e,Oct_28_2020_01:50:18.ml,20,grade
188b3d7450a9fa023103bbf571702c5e,Oct_30_2020_22:27:58.ml,54,grade
188b3d7450a9fa023103bbf571702c5e,Oct_27_2020_21:17:29.ml,20,grade
188b3d7450a9fa023103bbf571702c5e,Oct_27_2020_21:11:44.ml,20,grade
188b3d7450a9fa023103bbf571702c5e,Oct_23_2020_16:33:36.ml,0,grade
188b3d7450a9fa023103bbf571702c5e,Oct_27_2020_21:25:01.ml,20,grade
188b3d7450a9fa023103bbf571702c5e,Oct_27_2020_21:37:36.ml,20,grade
188b3d7450a9fa023103bbf571702c5e,Oct_27_2020_03:10:34.ml,20,grade
188b3d7450a9fa023103bbf571702c5e,Oct_27_2020_01:17:16.ml,20,grade
188b3d7450a9fa023103bbf571702c5e,Oct_25_2020_21:13:31.ml,0,grade
188b3d7450a9fa023103bbf571702c5e,Oct_28_2020_01:53:20.ml,20,grade
188b3d7450a9fa023103bbf571702c5e,Oct_28_2020_02:03:10.ml,54,grade
188b3d7450a9fa023103bbf571702c5e,Oct_23_2020_16:22:29.ml,0,grade
188b3d7450a9fa023103bbf571702c5e,Oct_28_2020_02:01:17.ml,53,grade
188b3d7450a9fa023103bbf571702c5e,Oct_27_2020_21:28:14.ml,20,grade
188b3d7450a9fa023103bbf571702c5e,Oct_27_2020_21:10:59.ml,20,grade
188b3d7450a9fa023103bbf571702c5e,Oct_27_2020_22:15:50.ml,20,grade
188b3d7450a9fa023103bbf571702c5e,Oct_23_2020_16:30:23.ml,0,grade
188b3d7450a9fa023103bbf571702c5e,Oct_27_2020_21:34:06.ml,20,grade
188b3d7450a9fa023103bbf571702c5e,Oct_24_2020_22:51:42.ml,0,grade
188b3d7450a9fa023103bbf571702c5e,Oct_24_2020_22:50:27.ml,0,grade
188b3d7450a9fa023103bbf571702c5e,Oct_30_2020_22:36:22.ml,54,grade
188b3d7450a9fa023103bbf571702c5e,Oct_27_2020_21:36:35.ml,20,grade
188b3d7450a9fa023103bbf571702c5e,Oct_28_2020_01:51:52.ml,20,grade
2779eda968d3d2377e7f5d07f0471c77,Oct_30_2020_22:47:24.ml,0,grade
2779eda968d3d2377e7f5d07f0471c77,Oct_31_2020_00:06:20.ml,53,grade
2779eda968d3d2377e7f5d07f0471c77,Oct_30_2020_22:46:39.ml,0,grade
2779eda968d3d2377e7f5d07f0471c77,Oct_30_2020_19:47:14.ml,0,grade
2779eda968d3d2377e7f5d07f0471c77,Oct_31_2020_00:07:23.ml,54,grade
2779eda968d3d2377e7f5d07f0471c77,Oct_30_2020_23:49:24.ml,0,grade
2779eda968d3d2377e7f5d07f0471c77,Oct_30_2020_19:36:33.ml,0,grade
2779eda968d3d2377e7f5d07f0471c77,Oct_30_2020_22:59:52.ml,0,grade
2779eda968d3d2377e7f5d07f0471c77,Oct_30_2020_23:27:48.ml,0,grade
2779eda968d3d2377e7f5d07f0471c77,Oct_30_2020_06:00:32.ml,0,grade
2779eda968d3d2377e7f5d07f0471c77,Oct_30_2020_19:47:48.ml,0,grade
2779eda968d3d2377e7f5d07f0471c77,Oct_30_2020_18:09:00.ml,0,grade
2779eda968d3d2377e7f5d07f0471c77,Oct_30_2020_22:52:08.ml,0,grade
2779eda968d3d2377e7f5d07f0471c77,Oct_30_2020_18:07:44.ml,0,grade
2779eda968d3d2377e7f5d07f0471c77,Oct_30_2020_22:50:11.ml,0,grade
2779eda968d3d2377e7f5d07f0471c77,Oct_30_2020_22:46:05.ml,0,grade
2779eda968d3d2377e7f5d07f0471c77,Oct_30_2020_19:33:43.ml,0,grade
e6460429183ed570ffade8f926256e4e,Oct_30_2020_18:51:28.ml,20,grade
e6460429183ed570ffade8f926256e4e,Oct_29_2020_02:37:48.ml,0,grade
e6460429183ed570ffade8f926256e4e,Oct_29_2020_02:39:57.ml,0,grade
e6460429183ed570ffade8f926256e4e,Oct_29_2020_02:35:49.ml,0,grade
e6460429183ed570ffade8f926256e4e,Oct_30_2020_20:18:07.ml,0,grade
e6460429183ed570ffade8f926256e4e,Oct_29_2020_02:40:09.ml,0,grade
e6460429183ed570ffade8f926256e4e,Oct_30_2020_18:41:19.ml,20,grade
e6460429183ed570ffade8f926256e4e,Oct_29_2020_03:06:24.ml,0,grade
e6460429183ed570ffade8f926256e4e,Oct_30_2020_21:45:35.ml,0,grade
e6460429183ed570ffade8f926256e4e,Oct_29_2020_03:03:31.ml,0,grade
e6460429183ed570ffade8f926256e4e,Oct_30_2020_19:10:55.ml,20,grade
e6460429183ed570ffade8f926256e4e,Oct_30_2020_19:39:11.ml,20,grade
e6460429183ed570ffade8f926256e4e,Oct_30_2020_21:57:52.ml,48,grade
e6460429183ed570ffade8f926256e4e,Oct_30_2020_21:46:15.ml,0,grade
e6460429183ed570ffade8f926256e4e,Oct_29_2020_02:35:02.ml,0,grade
72f3b0ac2d59eb8cb1c28d2b4630554f,Oct_30_2020_20:10:35.ml,0,grade
72f3b0ac2d59eb8cb1c28d2b4630554f,Oct_29_2020_19:02:09.ml,0,grade
72f3b0ac2d59eb8cb1c28d2b4630554f,Oct_30_2020_18:46:17.ml,0,grade
72f3b0ac2d59eb8cb1c28d2b4630554f,Oct_31_2020_02:18:59.ml,54,grade
72f3b0ac2d59eb8cb1c28d2b4630554f,Oct_30_2020_19:30:46.ml,0,grade
72f3b0ac2d59eb8cb1c28d2b4630554f,Oct_30_2020_20:06:43.ml,0,grade
72f3b0ac2d59eb8cb1c28d2b4630554f,Oct_30_2020_20:02:42.ml,0,grade
72f3b0ac2d59eb8cb1c28d2b4630554f,Oct_29_2020_18:58:22.ml,0,grade
72f3b0ac2d59eb8cb1c28d2b4630554f,Oct_30_2020_21:05:01.ml,0,grade
72f3b0ac2d59eb8cb1c28d2b4630554f,Oct_29_2020_18:35:54.ml,0,grade
72f3b0ac2d59eb8cb1c28d2b4630554f,Oct_31_2020_02:26:11.ml,54,grade
72f3b0ac2d59eb8cb1c28d2b4630554f,Oct_30_2020_21:31:58.ml,0,grade
72f3b0ac2d59eb8cb1c28d2b4630554f,Oct_31_2020_02:20:59.ml,54,grade
72f3b0ac2d59eb8cb1c28d2b4630554f,Oct_31_2020_02:28:08.ml,54,grade
72f3b0ac2d59eb8cb1c28d2b4630554f,Oct_30_2020_20:13:11.ml,0,grade
72f3b0ac2d59eb8cb1c28d2b4630554f,Oct_30_2020_17:30:09.ml,0,grade
72f3b0ac2d59eb8cb1c28d2b4630554f,Oct_30_2020_17:08:55.ml,0,grade
72f3b0ac2d59eb8cb1c28d2b4630554f,Oct_31_2020_02:04:58.ml,0,grade
72f3b0ac2d59eb8cb1c28d2b4630554f,Oct_30_2020_19:19:22.ml,0,grade
72f3b0ac2d59eb8cb1c28d2b4630554f,Oct_30_2020_20:11:54.ml,0,grade
e72eedb09fbb4228caf3fa576b74bc0b,Oct_30_2020_07:42:32.ml,0,grade
e72eedb09fbb4228caf3fa576b74bc0b,Oct_30_2020_07:44:38.ml,0,grade
e72eedb09fbb4228caf3fa576b74bc0b,Oct_30_2020_03:23:29.ml,0,grade
e72eedb09fbb4228caf3fa576b74bc0b,Oct_30_2020_22:27:10.ml,50,grade
e72eedb09fbb4228caf3fa576b74bc0b,Oct_30_2020_07:52:23.ml,0,grade
e72eedb09fbb4228caf3fa576b74bc0b,Oct_30_2020_22:24:59.ml,50,grade
e72eedb09fbb4228caf3fa576b74bc0b,Oct_30_2020_03:21:03.ml,0,grade
e72eedb09fbb4228caf3fa576b74bc0b,Oct_31_2020_03:21:16.ml,54,grade
e72eedb09fbb4228caf3fa576b74bc0b,Oct_30_2020_07:49:37.ml,0,grade
e72eedb09fbb4228caf3fa576b74bc0b,Oct_30_2020_07:53:11.ml,0,grade
e72eedb09fbb4228caf3fa576b74bc0b,Oct_30_2020_09:14:43.ml,0,grade
e72eedb09fbb4228caf3fa576b74bc0b,Oct_31_2020_03:23:14.ml,54,grade
e72eedb09fbb4228caf3fa576b74bc0b,Oct_30_2020_22:34:54.ml,50,grade
e72eedb09fbb4228caf3fa576b74bc0b,Oct_30_2020_09:46:03.ml,0,grade
e72eedb09fbb4228caf3fa576b74bc0b,Oct_30_2020_11:36:47.ml,0,grade
e72eedb09fbb4228caf3fa576b74bc0b,Oct_30_2020_22:33:56.ml,42,grade
e72eedb09fbb4228caf3fa576b74bc0b,Oct_30_2020_22:36:43.ml,50,grade
e72eedb09fbb4228caf3fa576b74bc0b,Oct_30_2020_09:16:03.ml,0,grade
e72eedb09fbb4228caf3fa576b74bc0b,Oct_30_2020_07:47:26.ml,0,grade
e72eedb09fbb4228caf3fa576b74bc0b,Oct_30_2020_22:26:23.ml,42,grade
e72eedb09fbb4228caf3fa576b74bc0b,Oct_30_2020_22:35:42.ml,50,grade
e72eedb09fbb4228caf3fa576b74bc0b,Oct_30_2020_07:50:14.ml,0,grade
e72eedb09fbb4228caf3fa576b74bc0b,Oct_30_2020_02:59:44.ml,0,grade
e72eedb09fbb4228caf3fa576b74bc0b,Oct_30_2020_22:36:26.ml,50,grade
370075e92a577c9f6782e3b253bcbaae,Oct_29_2020_18:22:50.ml,0,grade
370075e92a577c9f6782e3b253bcbaae,Oct_29_2020_21:05:01.ml,0,grade
370075e92a577c9f6782e3b253bcbaae,Oct_29_2020_18:15:55.ml,0,grade
370075e92a577c9f6782e3b253bcbaae,Oct_30_2020_01:18:12.ml,0,grade
370075e92a577c9f6782e3b253bcbaae,Oct_26_2020_20:03:42.ml,0,grade
370075e92a577c9f6782e3b253bcbaae,Oct_26_2020_22:04:08.ml,0,grade
370075e92a577c9f6782e3b253bcbaae,Oct_30_2020_22:38:38.ml,53,grade
370075e92a577c9f6782e3b253bcbaae,Oct_26_2020_20:14:05.ml,0,grade
370075e92a577c9f6782e3b253bcbaae,Oct_29_2020_18:15:46.ml,0,grade
370075e92a577c9f6782e3b253bcbaae,Oct_29_2020_21:03:56.ml,0,grade
370075e92a577c9f6782e3b253bcbaae,Oct_30_2020_17:37:09.ml,0,grade
370075e92a577c9f6782e3b253bcbaae,Oct_30_2020_22:36:17.ml,33,grade
370075e92a577c9f6782e3b253bcbaae,Oct_30_2020_18:32:57.ml,53,grade
370075e92a577c9f6782e3b253bcbaae,Oct_30_2020_23:59:53.ml,54,grade
370075e92a577c9f6782e3b253bcbaae,Oct_30_2020_18:06:16.ml,53,grade
370075e92a577c9f6782e3b253bcbaae,Oct_30_2020_23:59:19.ml,54,grade
370075e92a577c9f6782e3b253bcbaae,Oct_29_2020_18:20:25.ml,0,grade
6b3f295ece9fa0f96019f2bb9e48f36a,Oct_24_2020_13:38:22.ml,0,grade
6b3f295ece9fa0f96019f2bb9e48f36a,Oct_24_2020_16:20:37.ml,0,grade
6b3f295ece9fa0f96019f2bb9e48f36a,Oct_25_2020_07:17:43.ml,0,grade
6b3f295ece9fa0f96019f2bb9e48f36a,Oct_25_2020_07:13:00.ml,0,grade
6b3f295ece9fa0f96019f2bb9e48f36a,Oct_24_2020_13:48:51.ml,0,grade
6b3f295ece9fa0f96019f2bb9e48f36a,Oct_24_2020_12:29:14.ml,0,grade
6b3f295ece9fa0f96019f2bb9e48f36a,Oct_24_2020_10:57:31.ml,0,grade
6b3f295ece9fa0f96019f2bb9e48f36a,Oct_24_2020_13:16:49.ml,0,grade
6b3f295ece9fa0f96019f2bb9e48f36a,Oct_24_2020_12:28:34.ml,0,grade
6b3f295ece9fa0f96019f2bb9e48f36a,Oct_24_2020_10:07:32.ml,0,grade
6b3f295ece9fa0f96019f2bb9e48f36a,Oct_25_2020_07:14:54.ml,0,grade
6b3f295ece9fa0f96019f2bb9e48f36a,Oct_24_2020_13:23:53.ml,0,grade
6b3f295ece9fa0f96019f2bb9e48f36a,Oct_25_2020_06:48:38.ml,0,grade
6b3f295ece9fa0f96019f2bb9e48f36a,Oct_25_2020_06:05:35.ml,0,grade
6b3f295ece9fa0f96019f2bb9e48f36a,Oct_24_2020_11:56:52.ml,0,grade
6b3f295ece9fa0f96019f2bb9e48f36a,Oct_24_2020_13:29:22.ml,0,grade
6b3f295ece9fa0f96019f2bb9e48f36a,Oct_23_2020_03:34:49.ml,0,grade
6b3f295ece9fa0f96019f2bb9e48f36a,Oct_25_2020_06:27:09.ml,0,grade
6b3f295ece9fa0f96019f2bb9e48f36a,Oct_24_2020_16:17:45.ml,0,grade
6b3f295ece9fa0f96019f2bb9e48f36a,Oct_24_2020_12:56:50.ml,0,grade
6b3f295ece9fa0f96019f2bb9e48f36a,Oct_24_2020_11:20:55.ml,0,grade
6b3f295ece9fa0f96019f2bb9e48f36a,Oct_24_2020_13:03:14.ml,0,grade
6b3f295ece9fa0f96019f2bb9e48f36a,Oct_24_2020_11:26:51.ml,0,grade
6b3f295ece9fa0f96019f2bb9e48f36a,Oct_24_2020_12:27:58.ml,0,grade
6b3f295ece9fa0f96019f2bb9e48f36a,Oct_24_2020_12:26:35.ml,0,grade
6b3f295ece9fa0f96019f2bb9e48f36a,Oct_24_2020_13:39:21.ml,0,grade
6b3f295ece9fa0f96019f2bb9e48f36a,Oct_25_2020_05:58:14.ml,0,grade
6b3f295ece9fa0f96019f2bb9e48f36a,Oct_24_2020_13:12:24.ml,0,grade
6b3f295ece9fa0f96019f2bb9e48f36a,Oct_25_2020_07:19:19.ml,0,grade
6b3f295ece9fa0f96019f2bb9e48f36a,Oct_24_2020_13:11:58.ml,0,grade
6b3f295ece9fa0f96019f2bb9e48f36a,Oct_24_2020_10:37:58.ml,0,grade
6b3f295ece9fa0f96019f2bb9e48f36a,Oct_24_2020_11:34:46.ml,0,grade
6b3f295ece9fa0f96019f2bb9e48f36a,Oct_25_2020_05:28:24.ml,0,grade
6b3f295ece9fa0f96019f2bb9e48f36a,Oct_24_2020_12:07:27.ml,0,grade
6b3f295ece9fa0f96019f2bb9e48f36a,Oct_24_2020_11:35:14.ml,0,grade
6b3f295ece9fa0f96019f2bb9e48f36a,Oct_25_2020_07:11:14.ml,0,grade
6b3f295ece9fa0f96019f2bb9e48f36a,Oct_24_2020_13:36:40.ml,0,grade
6b3f295ece9fa0f96019f2bb9e48f36a,Oct_24_2020_13:47:57.ml,0,grade
6b3f295ece9fa0f96019f2bb9e48f36a,Oct_24_2020_11:47:05.ml,0,grade
6b3f295ece9fa0f96019f2bb9e48f36a,Oct_24_2020_13:06:26.ml,0,grade
6b3f295ece9fa0f96019f2bb9e48f36a,Oct_26_2020_04:05:39.ml,54,grade
6b3f295ece9fa0f96019f2bb9e48f36a,Oct_25_2020_05:56:09.ml,0,grade
6b3f295ece9fa0f96019f2bb9e48f36a,Oct_24_2020_11:09:03.ml,0,grade
6b3f295ece9fa0f96019f2bb9e48f36a,Oct_24_2020_13:35:20.ml,0,grade
6b3f295ece9fa0f96019f2bb9e48f36a,Oct_25_2020_11:56:58.ml,54,grade
6b3f295ece9fa0f96019f2bb9e48f36a,Oct_23_2020_05:37:08.ml,0,grade
6b3f295ece9fa0f96019f2bb9e48f36a,Oct_25_2020_07:26:50.ml,0,grade
6b3f295ece9fa0f96019f2bb9e48f36a,Oct_24_2020_10:58:36.ml,0,grade
6b3f295ece9fa0f96019f2bb9e48f36a,Oct_25_2020_11:41:05.ml,0,grade
6b3f295ece9fa0f96019f2bb9e48f36a,Oct_24_2020_12:14:27.ml,0,grade
6b3f295ece9fa0f96019f2bb9e48f36a,Oct_25_2020_11:40:09.ml,0,grade
6b3f295ece9fa0f96019f2bb9e48f36a,Oct_25_2020_05:37:23.ml,0,grade
6b3f295ece9fa0f96019f2bb9e48f36a,Oct_23_2020_04:01:01.ml,0,grade
6b3f295ece9fa0f96019f2bb9e48f36a,Oct_24_2020_11:27:54.ml,0,grade
6b3f295ece9fa0f96019f2bb9e48f36a,Oct_24_2020_12:59:25.ml,0,grade
6b3f295ece9fa0f96019f2bb9e48f36a,Oct_24_2020_12:23:09.ml,0,grade
6b3f295ece9fa0f96019f2bb9e48f36a,Oct_25_2020_05:42:51.ml,0,grade
6b3f295ece9fa0f96019f2bb9e48f36a,Oct_25_2020_07:28:41.ml,0,grade
6b3f295ece9fa0f96019f2bb9e48f36a,Oct_25_2020_07:16:36.ml,0,grade
6b3f295ece9fa0f96019f2bb9e48f36a,Oct_24_2020_12:30:19.ml,0,grade
6b3f295ece9fa0f96019f2bb9e48f36a,Oct_24_2020_15:09:53.ml,0,grade
6b3f295ece9fa0f96019f2bb9e48f36a,Oct_26_2020_04:02:19.ml,0,grade
6b3f295ece9fa0f96019f2bb9e48f36a,Oct_24_2020_12:06:53.ml,0,grade
6b3f295ece9fa0f96019f2bb9e48f36a,Oct_24_2020_12:25:39.ml,0,grade
6b3f295ece9fa0f96019f2bb9e48f36a,Oct_24_2020_02:54:41.ml,0,grade
6b3f295ece9fa0f96019f2bb9e48f36a,Oct_24_2020_11:11:24.ml,0,grade
6b3f295ece9fa0f96019f2bb9e48f36a,Oct_24_2020_12:23:40.ml,0,grade
6b3f295ece9fa0f96019f2bb9e48f36a,Oct_24_2020_13:27:55.ml,0,grade
6b3f295ece9fa0f96019f2bb9e48f36a,Oct_24_2020_11:24:10.ml,0,grade
6b3f295ece9fa0f96019f2bb9e48f36a,Oct_24_2020_12:13:11.ml,0,grade
6b3f295ece9fa0f96019f2bb9e48f36a,Oct_24_2020_13:37:39.ml,0,grade
6b3f295ece9fa0f96019f2bb9e48f36a,Oct_25_2020_05:40:36.ml,0,grade
6b3f295ece9fa0f96019f2bb9e48f36a,Oct_24_2020_12:38:21.ml,0,grade
6b3f295ece9fa0f96019f2bb9e48f36a,Oct_24_2020_13:00:21.ml,0,grade
6b3f295ece9fa0f96019f2bb9e48f36a,Oct_24_2020_13:41:31.ml,0,grade
6b3f295ece9fa0f96019f2bb9e48f36a,Oct_23_2020_05:36:37.ml,0,grade
6b3f295ece9fa0f96019f2bb9e48f36a,Oct_24_2020_13:06:01.ml,0,grade
6b3f295ece9fa0f96019f2bb9e48f36a,Oct_23_2020_03:59:39.ml,0,grade
6b3f295ece9fa0f96019f2bb9e48f36a,Oct_24_2020_13:07:14.ml,0,grade
6b3f295ece9fa0f96019f2bb9e48f36a,Oct_24_2020_12:04:28.ml,0,grade
6b3f295ece9fa0f96019f2bb9e48f36a,Oct_24_2020_16:13:11.ml,0,grade
6b3f295ece9fa0f96019f2bb9e48f36a,Oct_24_2020_13:40:15.ml,0,grade
6b3f295ece9fa0f96019f2bb9e48f36a,Oct_24_2020_12:15:06.ml,0,grade
6b3f295ece9fa0f96019f2bb9e48f36a,Oct_25_2020_11:52:26.ml,44,grade
6b3f295ece9fa0f96019f2bb9e48f36a,Oct_24_2020_13:26:08.ml,0,grade
6b3f295ece9fa0f96019f2bb9e48f36a,Oct_24_2020_10:49:25.ml,0,grade
6b3f295ece9fa0f96019f2bb9e48f36a,Oct_24_2020_14:13:14.ml,0,grade
6b3f295ece9fa0f96019f2bb9e48f36a,Oct_25_2020_05:42:09.ml,0,grade
6b3f295ece9fa0f96019f2bb9e48f36a,Oct_25_2020_07:27:11.ml,0,grade
6b3f295ece9fa0f96019f2bb9e48f36a,Oct_24_2020_12:17:27.ml,0,grade
